,links
0,https://www.batamnews.co.id/berita-127382-lembur-tanggal-merah-terancam-dihapus-ratusan-karyawan-indomaret-batam-gelar-aksi-protes.html
1,https://www.batamnews.co.id/berita-127382-lembur-tanggal-merah-terancam-dihapus-ratusan-karyawan-indomaret-batam-gelar-aksi-protes.html
2,https://www.batamnews.co.id/berita-127381-makkah-tembus-40-derajat-jemaah-haji-dilarang-paksakan-diri-jelang-puncak-arafah.html
3,https://www.batamnews.co.id/berita-127381-makkah-tembus-40-derajat-jemaah-haji-dilarang-paksakan-diri-jelang-puncak-arafah.html
4,https://www.batamnews.co.id/berita-127380-krisis-1-500-guru-pemko-batam-hanya-mampu-usulkan-350-formasi-cpns-2026-akibat-terbentur-anggaran.html
5,https://www.batamnews.co.id/berita-127380-krisis-1-500-guru-pemko-batam-hanya-mampu-usulkan-350-formasi-cpns-2026-akibat-terbentur-anggaran.html
6,https://www.batamnews.co.id/berita-127379-brk-syariah-meriahkan-cfd-pekanbaru-hadirkan-layanan-pajak-kendaraan-bermotor-dan-pbb.html
7,https://www.batamnews.co.id/berita-127379-brk-syariah-meriahkan-cfd-pekanbaru-hadirkan-layanan-pajak-kendaraan-bermotor-dan-pbb.html
8,https://www.batamnews.co.id/berita-127378-pemko-batam-pertimbangkan-kartu-sementara-bagi-pendatang-untuk-kendalikan-migrasi.html
9,https://www.batamnews.co.id/berita-127378-pemko-batam-pertimbangkan-kartu-sementara-bagi-pendatang-untuk-kendalikan-migrasi.html
10,https://www.batamnews.co.id/berita-127377-sikat-habis-polri-gulung-321-wna-yang-coba-jadikan-ri-markas-judol-dunia.html
11,https://www.batamnews.co.id/berita-127377-sikat-habis-polri-gulung-321-wna-yang-coba-jadikan-ri-markas-judol-dunia.html
12,https://www.batamnews.co.id/berita-127376-potret-harley-davidson-fxdr-bp-6215-ve-di-jalanan-batam-gaya-pejabat-yang-mengabaikan-aturan.html
13,https://www.batamnews.co.id/berita-127376-potret-harley-davidson-fxdr-bp-6215-ve-di-jalanan-batam-gaya-pejabat-yang-mengabaikan-aturan.html
14,https://www.batamnews.co.id/berita-127375-keseruan-milad-pks-ke-24-di-batam-pantun-bazar-umkm-dan-instruksi-ketahanan-nasional.html
15,https://www.batamnews.co.id/berita-127375-keseruan-milad-pks-ke-24-di-batam-pantun-bazar-umkm-dan-instruksi-ketahanan-nasional.html
16,https://www.batamnews.co.id/berita-127374-batam-membara-di-awal-pekan-suhu-terasa-36-derajat-hujan-intai-waktu-siang.html
17,https://www.batamnews.co.id/berita-127374-batam-membara-di-awal-pekan-suhu-terasa-36-derajat-hujan-intai-waktu-siang.html
18,https://www.batamnews.co.id/berita-127373-mojtaba-khamenei-keluarkan-arahan-baru-militer-iran-siaga-penuh-pasca-perang-40-hari.html
19,https://www.batamnews.co.id/berita-127373-mojtaba-khamenei-keluarkan-arahan-baru-militer-iran-siaga-penuh-pasca-perang-40-hari.html
20,https://www.batamnews.co.id/berita-127372-kebakaran-home-stay-baba-s-di-pasar-dotamana-batam-kota-ruang-kantor-hangus-5-damkar-dikerahkan.html
21,https://www.batamnews.co.id/berita-127372-kebakaran-home-stay-baba-s-di-pasar-dotamana-batam-kota-ruang-kantor-hangus-5-damkar-dikerahkan.html
22,https://www.batamnews.co.id/berita-127371-nobar-film-pesta-babi-di-batam-warga-hingga-mahasiswa-sorot-dampak-psn-dan-kerusakan-lingkungan-kepri.html
23,https://www.batamnews.co.id/berita-127371-nobar-film-pesta-babi-di-batam-warga-hingga-mahasiswa-sorot-dampak-psn-dan-kerusakan-lingkungan-kepri.html
24,https://www.batamnews.co.id/berita-127370-dua-pendaki-singapura-ditemukan-meninggal-tertimbun-material-vulkanik-gunung-dukono.html
25,https://www.batamnews.co.id/berita-127370-dua-pendaki-singapura-ditemukan-meninggal-tertimbun-material-vulkanik-gunung-dukono.html
26,https://www.batamnews.co.id/berita-127276-penggerebekan-apartemen-baloi-view-batam-ratusan-wna-terjaring-puluhan-komputer-diamankan-petugas.html
27,https://www.batamnews.co.id/berita-127319-mutasi-dua-perwira-polresta-barelang-ke-satlantas-iptu-m-jefri-dan-iptu-uji-febianika-ini-deretan-prestasinya.html
28,https://www.batamnews.co.id/berita-127318-pengawal-pribadi-gubernur-kepri-diduga-ikut-kawal-bos-judol.html
29,https://www.batamnews.co.id/berita-127335-selamat-tinggal-simpang-pantek-lam-batam-sudah-punya-nama-baru-yang-lebih-beradab-dan-berbudaya.html
30,https://www.batamnews.co.id/berita-127275-bos-judol-dan-scam-baloi-view-apartement-dikawal-petugas-bersenpi.html
31,https://www.batamnews.co.id/berita-127314-dari-bintan-ke-singapura-kepri-satu-satunya-provinsi-di-indonesia-yang-ekspor-ayam-hidup.html
32,https://www.batamnews.co.id/berita-127353-showroom-metro-buka-suara-soal-sengketa-mobil-mewah-rp1-6-miliar-di-batam.html
33,https://www.batamnews.co.id/berita-127274-markas-judol-love-scam-hingga-pishing-e-commerce-digerebek-ratusan-wna-ditangkap.html
34,https://www.batamnews.co.id/berita-127313-iptu-rifa-carolina-dilantik-jadi-kapolsek-bandara-hang-nadim-batam-ini-pesan-kapolresta.html
35,https://www.batamnews.co.id/berita-123347-era-newly-set-up-by-the-former-sunseap-s-co-founder-has-licence-to-import-400mwac-of-clean-energy-to-singapore.html
36,https://www.batamnews.co.id/berita-123347-era-newly-set-up-by-the-former-sunseap-s-co-founder-has-licence-to-import-400mwac-of-clean-energy-to-singapore.html
37,https://www.batamnews.co.id/berita-127354-investasi-india-di-batam-terus-melaju-tembus-rp-258-6-miliar.html
38,https://www.batamnews.co.id/berita-127354-investasi-india-di-batam-terus-melaju-tembus-rp-258-6-miliar.html
39,https://www.batamnews.co.id/berita-126923-wali-kota-batam-tegaskan-ranperda-lam-harus-jamin-anggaran-berkelanjutan-dan-penguatan-protokoler.html
40,https://www.batamnews.co.id/berita-126923-wali-kota-batam-tegaskan-ranperda-lam-harus-jamin-anggaran-berkelanjutan-dan-penguatan-protokoler.html
41,https://www.batamnews.co.id/berita-113302-tips-belanja-online-untuk-dapatkan-barang-berkualitas-dan-terhindar-dari-penipuan.html
42,https://www.batamnews.co.id/berita-113302-tips-belanja-online-untuk-dapatkan-barang-berkualitas-dan-terhindar-dari-penipuan.html
43,https://www.batamnews.co.id/berita-126271-opor-dan-rendang-cepat-basi-stop-buang-makanan-lakukan-9-cara-ini-agar-hidangan-lebaran-awet.html
44,https://www.batamnews.co.id/berita-126271-opor-dan-rendang-cepat-basi-stop-buang-makanan-lakukan-9-cara-ini-agar-hidangan-lebaran-awet.html
45,https://www.batamnews.co.id/berita-127180-pkp-expo-hadirkan-promo-bbm-di-grand-batam-mall.html
46,https://www.batamnews.co.id/berita-127180-pkp-expo-hadirkan-promo-bbm-di-grand-batam-mall.html
47,https://www.batamnews.co.id/berita-127284-rahasia-pemanggangan-sempurna-dengan-teknologi-simulasi-computational-fluid-dynamics.html
48,https://www.batamnews.co.id/berita-127284-rahasia-pemanggangan-sempurna-dengan-teknologi-simulasi-computational-fluid-dynamics.html
49,https://www.batamnews.co.id/berita-125750-penantian-bertahun-tahun-terjawab-bupati-roby-resmikan-dermaga-mak-yong-pulau-mantang.html
50,https://www.batamnews.co.id/berita-125750-penantian-bertahun-tahun-terjawab-bupati-roby-resmikan-dermaga-mak-yong-pulau-mantang.html
51,https://www.batamnews.co.id/berita-127294-turki-buka-peluang-besar-untuk-pmi-2026-dubes-ri-32-165-lowongan-tersedia-hindari-jalur-ilegal.html
52,https://www.batamnews.co.id/berita-127294-turki-buka-peluang-besar-untuk-pmi-2026-dubes-ri-32-165-lowongan-tersedia-hindari-jalur-ilegal.html
