,title,news_type,content,published_date,links
0,PKP EXPO Hadirkan Promo BBM di Grand Batam Mall,Properti,"Copyright  2014 -batamnews.co.idAll rights reservedDikelola dan Dikembangkan Oleh :PT. Batam Media Siber  Login untuk menyimpan artikel favorit kamu Batam, Batamnews– Developer properti terbesar dan terpercaya di Kota Batam, PT Putera Karyasindo Prakarsa (PKP), menunjukkan eksistensinya dengan Kembali menggelar pameran properti bergengsi bertajuk PKP Expo. Bertempat di Grand Batam Mall, pameran ini menjadi ajang bagi masyarakat untuk mendapatkan informasi komprehensif mengenai berbagai proyek hunian dan komersial unggulan PKP di lokasi-lokasi paling strategis di Batam. Tepat hari ini, Jumat 01 Mei 2026, PKP hadir di Atrium 2 Grand Batam Mall. PKP akan menggelar Pameran PKP Expo ini hingga 24 Mei 2026 mendatang dengan promo yang sangat luar biasa. PKP menghadirkan lebih dari 20 proyek properti, mulai dari Rumah, Ruko, Apartment, hingga Kavling yang tersebar di beberapa wilayah, seperti Batam Center, Baloi, Tiban, Batuaji, Marina, Bandara dan Nongsa. Mengusung tema “Promo BBM”, pameran properti terbesar di Batam ini menjadi surga bagi para pencari rumah idaman dan investor yang ingin mendapatkan penawaran spesial dengan banyak bonus menguntungkan. Manager Promosi PKP Batam, Rio Naldi menjelaskan, “PKP Expo kali ini sangat spesial karena PKP memberikan Banyak Bonus Menguntungkan. Penasaran apa saja bonusnya? Langsung saja mampir ke Pameran kami” “Konsumen yang sudah membeli unit, berhak mengikuti undian berhadiah uang tunai ratusan juta rupiah, dan undian berhadiah ini berlaku untuk banyak pemenang lho. Jadi peluang dapat nya sangat besar,” tambahnya. Bagi masyarakat yang berminat bisa segera booking unitnya dan dapatkan pilihan investasi terbaik Anda hanya di Pameran Properti PKP EXPO kali ini. Selain itu juga bisa mengunjungi www.pkponline.com dan PKP Store yang ada di 4 lokasi yaitu di Komplek Ruko Orchid Park Business Centre, Komplek Ruko Mega Legenda 2, Komplek Ruko Aji Business Centre dan Komplek Ruko Trikarsa Ekualita Pasir Putih. Follow Us Copyrightbatamnews.co.idAll rights reservedDikelola dan Dikembangkan Oleh :PT. Batam Media Siber Batamnews Network :","Jumat, 01 Mei 2026 - 11:20  WIB",https://www.batamnews.co.id/berita-127180-pkp-expo-hadirkan-promo-bbm-di-grand-batam-mall.html
1,"Iptu Rifa Carolina Dilantik Jadi Kapolsek Bandara Hang Nadim Batam, Ini Pesan Kapolresta",Hukum,"Copyright  2014 -batamnews.co.idAll rights reservedDikelola dan Dikembangkan Oleh :PT. Batam Media Siber Kapolsek Kawasan Bandara Hang Nadim Batam, Iptu Rifa Carolina. (Foto. Batamnews.co.id). Login untuk menyimpan artikel favorit kamu Batam, Batamnews– Sebuah upacara khidmat berlangsung di Aula Wicaksana Laghawa, Polresta Barelang, Kamis, 7 Mei 2026. Di hadapan puluhan personel, Iptu Rifa Carolina resmi dilantik sebagai Kapolsek Kawasan Bandara Hang Nadim Batam. Pelantikan ini langsung dipimpin oleh Kapolresta Barelang, Kombes Pol Anggoro Wicaksono. Ia memimpin langsung prosesi serah terima jabatan (sertijab) sejumlah pejabat, namun sorotan utama tertuju pada sosok Iptu Rifa yang kini dipercaya mengamankan objek vital nasional. Wakapolresta, pejabat utama, para kapolsek, hingga Bhayangkari turut menyaksikan jalannya upacara. Prosesi berjalan singkat dan khidmat, diawali pengambilan sumpah, penandatanganan berita acara, hingga pengikraran pakta integritas. Baca juga:Sempat Disemprot Li Claudia, Penambang Pasir Ilegal Ini Kini Jadi Anggota Ditpam BP Batam Mutasi ini berdasarkan Keputusan Kapolda Kepri Nomor: KEP/86/IV/2026 tanggal 22 April 2026. Selain Iptu Rifa, ada tiga pejabat lain yang mengalami rotasi: Kompol Indra Juniandi menggantikan AKP Sasmintoro sebagai Kabagren Polresta Barelang.AKP Tigor Dabariba menggantikan Iptu Yuli Endra sebagai Kapolsek Bengkong.Ipda Jafri Aziz menggantikan Iptu Bobby Pratama sebagai Kapolsek Bulang. Di sela-sela upacara, Kombes Pol Anggoro Wicaksono menjelaskan bahwa mutasi adalah hal biasa untuk pembinaan karier dan penyegaran organisasi. ""Serah terima jabatan dan alih tugas di lingkungan Polri merupakan hal yang biasa,"" ujar Anggoro dengan tegas. Ia berharap pejabat baru mampu beradaptasi cepat dengan tantangan tugas yang kian kompleks. Secara khusus, Anggoro mengingatkan Iptu Rifa Carolina untuk segera memahami karakteristik Bandara Hang Nadim yang memiliki mobilitas masyarakat sangat tinggi. Baca juga:Pastikan Batam Tetap Aman, LAM Minta Pemko Tegas Implementasikan Perda Adminduk ""Segera beradaptasi dan pahami karakteristik wilayah tugas. Saya yakin saudara dapat menjalankan tugas secara profesional, humanis, dan bertanggung jawab,"" pesannya. Di akhir amanatnya, Kapolresta juga mengucapkan terima kasih kepada para pejabat lama—AKP Sasmintoro, Iptu Yuli Endra, dan Iptu Bobby Pratama—atas dedikasi mereka selama bertugas di Polresta Barelang. Follow Us Copyrightbatamnews.co.idAll rights reservedDikelola dan Dikembangkan Oleh :PT. Batam Media Siber Batamnews Network :","Kamis, 07 Mei 2026 - 15:32  WIB",https://www.batamnews.co.id/berita-127313-iptu-rifa-carolina-dilantik-jadi-kapolsek-bandara-hang-nadim-batam-ini-pesan-kapolresta.html
2,"Kebakaran Home Stay Baba’s di Pasar Dotamana Batam Kota: Ruang Kantor Hangus, 5 Damkar Dikerahkan",Peristiwa,"Copyright  2014 -batamnews.co.idAll rights reservedDikelola dan Dikembangkan Oleh :PT. Batam Media Siber Home Stay Baba’s Batam Kota, Terbakar, 5 Unit Mobil Damkar Dikerahkan Untuk Memadamkan Api. (Foto. Istimewa). Login untuk menyimpan artikel favorit kamu Batam, Batamnews– Sebuah peristiwa kebakaran melanda bangunan penginapan (home stay) bernama Baba’s yang berada di kawasan Pasar Dotamana, Batam Kota, pada Minggu, 10 Mei 2026 malam. Batamnews.co.id – Kobaran api pertama kali muncul diduga dari salah satu ruangan kantor di dalam bangunan tersebut. Untungnya, home stay yang tergolong baru ini belum mulai beroperasi sehingga tidak ada tamu yang menginap. Komandan Regu Damkar Pemko Batam Pos Sei Panas, Dwi, membenarkan kejadian tersebut. Baca juga:Nobar Film ""Pesta Babi"" di Batam: Warga hingga Mahasiswa Sorot Dampak PSN dan Kerusakan Lingkungan Kepri ""Iya benar ada kebakaran yang melanda sebuah bangunan home stay bernama Baba's di Pasar Dotamana,"" ujar Dwi saat dikonfirmasi, Minggu malam. Dijelaskannya, bagian yang terbakar adalah ruangan kantor. ""Ruangan yang terbakar itu bagian kantornya,"" katanya. Dalam peristiwa ini tidak ada korban jiwa. Petugas mengerahkan lima unit mobil damkar dan 15 personel ke lokasi. Proses pemadaman juga dibantu personel BP Batam dan kepolisian. ""Tidak ada korban jiwa. Home stay ini belum beroperasi. Api baru dapat dipadamkan sekitar pukul 19.30 WIB setelah tim gabungan dari Damkar Pemko, BP Batam, dan kepolisian berupaya memadamkan kobaran api,"" ungkap Dwi. Baca juga:Banjir Jalan Grand Niaga Batam Kota Diguyur Hujan Deras, Pengendara Diminta Hati-Hati Setelah api berhasil dipadamkan, petugas masih melakukan proses pendinginan di lokasi. Sementara itu, penyebab pasti kebakaran masih dalam penyelidikan pihak kepolisian. ""Api sudah padam. Penyebab kebakaran kami belum ketahui karena masih diperiksa oleh polisi,"" pungkasnya. Follow Us Copyrightbatamnews.co.idAll rights reservedDikelola dan Dikembangkan Oleh :PT. Batam Media Siber Batamnews Network :","Minggu, 10 Mei 2026 - 21:37  WIB",https://www.batamnews.co.id/berita-127372-kebakaran-home-stay-baba-s-di-pasar-dotamana-batam-kota-ruang-kantor-hangus-5-damkar-dikerahkan.html
3,Wali Kota Batam Tegaskan Ranperda LAM Harus Jamin Anggaran Berkelanjutan dan Penguatan Protokoler,Pemko Batam,"Copyright  2014 -batamnews.co.idAll rights reservedDikelola dan Dikembangkan Oleh :PT. Batam Media Siber Wali Kota Batam, Amsakar Achmad saat menerima audiensi Panitia Khusus (Pansus) DPRD Kota Batam yang tengah membahas Ranperda LAM, bertempat di Kantor Wali Kota Batam. Login untuk menyimpan artikel favorit kamu Batam, Batamnews— Wali Kota Batam, Amsakar Achmad, menegaskan bahwa Rancangan Peraturan Daerah (Ranperda) tentang Lembaga Adat Melayu (LAM) Kepulauan Riau Kota Batam harus berpihak pada pelestarian adat. Hal tersebut harus dibuktikan dengan adanya kepastian alokasi anggaran yang berkelanjutan setiap tahunnya untuk mendukung operasional dan program lembaga tersebut. Penegasan ini disampaikan Amsakar saat menerima audiensi Panitia Khusus (Pansus) DPRD Kota Batam yang tengah membahas Ranperda LAM, bertempat di Kantor Wali Kota Batam, Senin, 20 April 2026. Pertemuan tersebut dipimpin langsung oleh Ketua Pansus DPRD Kota Batam, Muhammad Yunus SPi, bersama anggota Pansus, Asnawati. Turut hadir mendampingi Wali Kota Batam dalam audiensi tersebut adalah Sekretaris Daerah (Sekda) Kota Batam, Firmansyah, beserta sejumlah pejabat terkait di lingkungan Pemerintah Kota (Pemko) dan Badan Pengusahaan (BP) Batam. Dalam arahannya, Amsakar menekankan komitmen kuat Pemko Batam untuk berpihak kepada LAM. Menurutnya, sebagai institusi yang memiliki peran sentral dalam menjaga kelestarian nilai-nilai budaya Melayu, LAM tidak bisa dibiarkan berjalan sendiri tanpa dukungan nyata dari pemerintah daerah. “Pemerintah harus berpihak pada LAM. Lembaga ini tidak bisa sepenuhnya mandiri, sehingga perlu dukungan dari pemerintah daerah. Tanpa keberpihakan, akan sulit bagi LAM menjalankan fungsi pelestarian adat,” ujar Amsakar. Lebih lanjut, ia menjelaskan bahwa organisasi adat memiliki kedudukan dan muruah yang berbeda dibandingkan dengan organisasi kemasyarakatan pada umumnya. Oleh karena itu, LAM harus ditempatkan secara terhormat dalam struktur tatanan sosial maupun pemerintahan. “Organisasi adat harus ditinggikan seranting dan dimajukan selangkah dari organisasi masyarakat lainnya,” tegas Amsakar mengutip pepatah Melayu. Terkait substansi pembahasan Ranperda, Wali Kota menitikberatkan pada dua poin krusial, yaitu kepastian pembiayaan dan penguatan posisi protokoler LAM. Ia berharap beleid yang akan disahkan nanti mampu menjamin LAM memperoleh alokasi anggaran secara berkesinambungan di setiap tahun anggaran. Untuk merealisasikan hal tersebut, Amsakar telah menginstruksikan tim teknis dari Pemko Batam untuk mengkaji dan mencari payung hukum yang tepat agar dukungan anggaran tersebut selaras dan tidak bertentangan dengan peraturan perundang-undangan yang berlaku. Selain itu, aturan mengenai peran dan keterlibatan LAM dalam kegiatan resmi kepemerintahan juga harus diatur secara gamblang untuk menjaga marwah Melayu di Kota Batam. “Saya minta dicarikan regulasi yang memungkinkan agar anggaran dapat dialokasikan setiap tahun tanpa melanggar aturan yang lebih tinggi,” katanya. Menanggapi hal tersebut, Ketua Pansus DPRD Kota Batam, Muhammad Yunus, menyambut baik dan mengapresiasi arahan dari Wali Kota Batam. Ia menyatakan bahwa pihaknya di legislatif akan segera mendalami aspek regulasi secara komprehensif. Langkah ini dilakukan agar dukungan anggaran serta penguatan posisi protokoler bagi LAM dapat diakomodasi secara legal dan berkekuatan hukum tetap dalam Perda yang saat ini tengah disusun. Follow Us Copyrightbatamnews.co.idAll rights reservedDikelola dan Dikembangkan Oleh :PT. Batam Media Siber Batamnews Network :","Senin, 20 April 2026 - 17:56  WIB",https://www.batamnews.co.id/berita-126923-wali-kota-batam-tegaskan-ranperda-lam-harus-jamin-anggaran-berkelanjutan-dan-penguatan-protokoler.html
4,"Penggerebekan Apartemen Baloi View Batam: Ratusan WNA Terjaring, Puluhan Komputer Diamankan Petugas",Batam,"Copyright  2014 -batamnews.co.idAll rights reservedDikelola dan Dikembangkan Oleh :PT. Batam Media Siber Petugas menyita sejumlah barang bukti berupa puluhan unit komputer, serta perlengkapan kantor seperti meja dan kursi yang diduga berkaitan dengan aktivitas yang tengah diselidiki. (Foto: dok.Batamnews) Login untuk menyimpan artikel favorit kamu Batam, Batamnews– Petugas gabungan dari Imigrasi dan Kepolisian melakukan penggerebekan di Apartemen Baloi View, Lubuk Baja, Kota Batam, pada Rabu (6/5/2026) pagi. Operasi tersebut dilakukan menyusul adanya indikasi aktivitas ilegal yang melibatkan ratusan Warga Negara Asing (WNA) di lokasi tersebut.Berdasarkan pantauan di lapangan, puluhan petugas tampak berjaga dan mengamankan area selama proses pemeriksaan berlangsung. Ratusan WNA yang terjaring dalam operasi itu kemudian didata dan diperiksa satu per satu oleh petugas. Baca juga:Bos Judol dan Scam Baloi View Apartement Dikawal Petugas Bersenpi, Cairkan Hasil Judol di Money Change di Nagoya BatamSelain mengamankan para WNA, petugas juga menyita sejumlah barang bukti berupa puluhan unit komputer, serta perlengkapan kantor seperti meja dan kursi yang diduga berkaitan dengan aktivitas yang tengah diselidiki.Sejumlah WNA yang diamankan terlihat dibawa menggunakan kendaraan menuju Kantor Imigrasi untuk menjalani pemeriksaan lebih lanjut terkait dokumen keimigrasian maupun dugaan pelanggaran hukum lainnya. Baca juga:Markas Judol, Love Scam hingga Pishing e-Commerce Digerebek, Ratusan WNA Ditangkap“Iya benar adanya penggerebekan tersebut,” ujar seorang petugas saat dikonfirmasi di lokasi.Hingga berita ini diturunkan, pihak Imigrasi belum memberikan keterangan resmi terkait jenis aktivitas ilegal yang diduga dilakukan, serta jumlah pasti WNA yang diamankan dalam operasi tersebut. Petugas masih melakukan pendalaman untuk memastikan dugaan pelanggaran yang terjadi. Follow Us Copyrightbatamnews.co.idAll rights reservedDikelola dan Dikembangkan Oleh :PT. Batam Media Siber Batamnews Network :","Rabu, 06 Mei 2026 - 10:46  WIB",https://www.batamnews.co.id/berita-127276-penggerebekan-apartemen-baloi-view-batam-ratusan-wna-terjaring-puluhan-komputer-diamankan-petugas.html
5,"Turki Buka Peluang Besar untuk PMI 2026, Dubes RI: 32.165 Lowongan Tersedia! Hindari Jalur Ilegal",Lowongan Kerja,"Copyright  2014 -batamnews.co.idAll rights reservedDikelola dan Dikembangkan Oleh :PT. Batam Media Siber ilustrasi (freepik) Login untuk menyimpan artikel favorit kamu Jakarta, Batamnews– Kabar baik datang dari negeri Kaisar Romawi dan Ottoman. Turki secara resmi membuka peluang besar bagi Pekerja Migran Indonesia (PMI). Peluang ini terutama terbuka lebar di sektor pariwisata dan berbagai industri pendukungnya. Kabar gembira ini mengemuka setelah Duta Besar Republik Indonesia untuk Turki, Achmad Rizal Purnama, melakukan kunjungan kerja ke Fethiye pada Sabtu, 2 Mei 2026. Dalam pertemuan itu, Dubes Rizal melihat langsung tingginya kebutuhan tenaga kerja asing di Turki. Kebutuhan tersebut tersebar di sektor perhotelan (hospitality), manufaktur, konstruksi, jasa, hingga sektor-sektor lain yang menopang industri pariwisata. Peluang ini dinilai akan terus meningkat seiring dengan pesatnya pertumbuhan wisata di Turki. Baca juga:Apple Rilis Tiga OS Baru 8 Juni, Semua Dukung Ekstensi AI Dalam kunjungannya, Dubes Rizal bertemu langsung dengan CEO Orka Sunlife Resort Hotel, Ugur Serindag, dan CEO Working Global, Ferhat Sahin. Pertemuan ini khusus membahas perluasan penempatan PMI secara legal dan aman. Kedua mitra bisnis asal Turki itu menyatakan minat besarnya untuk menambah jumlah pekerja dari Indonesia. ""Kami sangat terkesan dengan kinerja pekerja Indonesia. Kami berharap dapat menerima lebih banyak pekerja dari Indonesia pada tahun depan,"" ujar Ugur Serindag dalam keterangan tertulisnya, Rabu, 6 Mei 2026. Sektor perhotelan menjadi pintu masuk utama bagi PMI di Turki. Para pekerja Indonesia sangat dibutuhkan untuk mengisi posisi-posisi seperti: Kota-kota wisata seperti Fethiye, Antalya, Mugla, Bodrum, dan Istanbul menjadi pusat permintaan tenaga kerja asing, tidak terkecuali dari Indonesia. Tingginya lonjakan wisatawan mancanegara memaksa industri perhotelan mencari pekerja yang profesional dan terlatih. Kantor KBRI Ankara telah memverifikasi kebutuhan tenaga kerja Indonesia pada tahun 2026 mencapai angka yang fantastis 32.165 orang di berbagai sektor. Sementara itu, hingga saat ini tercatat sebanyak 13.781 Warga Negara Indonesia (WNI) yang sudah memiliki izin kerja aktif di Turki. Baca juga:Apa Itu Homeless Media? Bakom Pimpin New Media Forum, Rekrut Puluhan Akun Besar Tanpa Website untuk Promosi Program Prabowo Meskipun peluangnya sangat besar, Dubes Rizal mengingatkan agar kesempatan ini tidak dimanfaatkan secara sembarangan. ""Kesempatan ini harus dimanfaatkan dengan kerja keras, disiplin, dan profesional, serta melalui mekanisme yang legal agar perlindungan pekerja tetap terjamin,"" tegas Dubes Rizal. Dia juga menambahkan bahwa Pemerintah Turki juga memberikan jaminan penuh atas hak-hak ketenagakerjaan bagi pekerja asing yang legal. Oleh karena itu, KBRI Ankara mengimbau seluruh calon PMI untuk menghindari jalur nonprosedural (ilegal). ""Manfaatkan verifikasi daring melalui Portal Peduli WNI,"" imbau Dubes Rizal. Follow Us Copyrightbatamnews.co.idAll rights reservedDikelola dan Dikembangkan Oleh :PT. Batam Media Siber Batamnews Network :","Rabu, 06 Mei 2026 - 22:46  WIB",https://www.batamnews.co.id/berita-127294-turki-buka-peluang-besar-untuk-pmi-2026-dubes-ri-32-165-lowongan-tersedia-hindari-jalur-ilegal.html
6,"BRK Syariah Meriahkan CFD Pekanbaru, Hadirkan Layanan Pajak Kendaraan Bermotor dan PBB",Bank Riau Kepri Syariah,"Copyright  2014 -batamnews.co.idAll rights reservedDikelola dan Dikembangkan Oleh :PT. Batam Media Siber Bank Riau Kepri Syariah (BRK Syariah) turut ambil bagian dalam kegiatan Car Free Day bersama Samsat Pekanbaru Kota dan UPT I Badan Pendapatan Daerah (Bapenda) Kota Pekanbaru yang digelar pada Minggu (10/5/2026). (Foto: dok.BRK Syariah) Login untuk menyimpan artikel favorit kamu Pekanbaru, Batamnews– Bank Riau Kepri Syariah (BRK Syariah) turut ambil bagian dalam kegiatan Car Free Day bersama Samsat Pekanbaru Kota dan UPT I Badan Pendapatan Daerah (Bapenda) Kota Pekanbaru yang digelar pada Minggu (10/5/2026).Kegiatan yang dipusatkan di kawasan Car Free Day tersebut menghadirkan berbagai layanan kepada masyarakat, mulai dari pembayaran pajak kendaraan bermotor tahunan, pembayaran Pajak Bumi dan Bangunan (PBB), layanan kesehatan gratis, hingga pembagian bibit tanaman gratis.Selain itu, masyarakat wajib pajak juga berkesempatan memperoleh berbagai hadiah menarik berupa total 14 gram emas dari Jasa Raharja dan dua unit sepeda motor Yamaha serta hadiah hiburan lainnya dari BRK Syariah.Acara tersebut dibuka langsung oleh Drs. Ingot Ahmad Hutasuhut selaku Penjabat (Pj) Sekretaris Daerah Kota (Sekdako) Pekanbaru. Turut hadir dalam kegiatan itu Komisi III DPRD Riau H. Abdullah, S.Pd., Kepala Jasa Raharja Riau Muhammad Hidayat, S.E., Kepala Bapenda Provinsi Riau Ninno Wastikasari, SE, M.Si., serta jajaran Korlantas Kota Pekanbaru.Dalam kegiatan ini, BRK Syariah menurunkan seluruh tim Funding Officer (FO) wilayah Pekanbaru Kota untuk memberikan pelayanan dan edukasi langsung kepada masyarakat terkait layanan perbankan syariah serta kemudahan transaksi pembayaran pajak melalui BRK Syariah.Pemimpin Divisi Dana dan Jasa BRK Syariah, Edi Wardana, mengatakan keikutsertaan BRK Syariah dalam kegiatan tersebut merupakan bentuk dukungan perusahaan terhadap upaya pemerintah daerah dalam meningkatkan kesadaran masyarakat untuk taat pajak sekaligus mendekatkan layanan kepada masyarakat.“BRK Syariah terus mendukung program-program pemerintah daerah, termasuk dalam memberikan kemudahan layanan transaksi pembayaran pajak kepada masyarakat. Melalui kegiatan Car Free Day ini, kami ingin hadir lebih dekat sekaligus memberikan edukasi terkait layanan dan transaksi perbankan syariah yang mudah, aman, dan nyaman,” ujar Edi Wardana.Ia juga menyampaikan bahwa keterlibatan seluruh tim FO Pekanbaru Kota menjadi bagian dari komitmen BRK Syariah dalam memberikan pelayanan terbaik kepada masyarakat.“Kami mengerahkan seluruh tim FO wilayah Pekanbaru Kota agar masyarakat dapat memperoleh informasi dan layanan secara langsung. Harapannya, kehadiran BRK Syariah dalam kegiatan ini dapat memberikan manfaat sekaligus meningkatkan literasi masyarakat terhadap layanan keuangan syariah,” tambahnya.Kegiatan tersebut turut mendapat antusias tinggi dari masyarakat yang memanfaatkan berbagai layanan yang tersedia sembari menikmati suasana Car Free Day bersama keluarga. Follow Us Copyrightbatamnews.co.idAll rights reservedDikelola dan Dikembangkan Oleh :PT. Batam Media Siber Batamnews Network :","Senin, 11 Mei 2026 - 10:48  WIB",https://www.batamnews.co.id/berita-127379-brk-syariah-meriahkan-cfd-pekanbaru-hadirkan-layanan-pajak-kendaraan-bermotor-dan-pbb.html
7,"Investasi India di Batam Terus Melaju, Tembus Rp 258,6 Miliar",BP Batam,"Copyright  2014 -batamnews.co.idAll rights reservedDikelola dan Dikembangkan Oleh :PT. Batam Media Siber Kunjungan kerja Deputi Bidang Investasi BP Batam, Fary Djemy Francis, kepada Konsul Jenderal India di Medan, Ravi Shankar Goel, Jumat (8/5/2026). (Foto: dok.BP Batam) Login untuk menyimpan artikel favorit kamu Batam, Batamnews -Badan Pengusahaan (BP) Batam terus memperkuat posisi strategisnya sebagai pusat investasi di kawasan Asia Tenggara dengan mempererat kolaborasi ekonomi bersama India. Langkah ini dilakukan melalui kunjungan kerja Deputi Bidang Investasi BP Batam, Fary Djemy Francis, kepada Konsul Jenderal India di Medan, Ravi Shankar Goel, Jumat (8/5/2026). Pertemuan tersebut bertujuan memperluas komunikasi strategis sekaligus menjajaki peluang kerja sama baru antara Batam dan institusi ekonomi India. Fary mengungkapkan, hubungan ekonomi Batam dan India menunjukkan tren positif yang signifikan dalam beberapa tahun terakhir. “Berdasarkan data BP Batam, nilai investasi India di Batam sepanjang periode 2016–2025 telah menembus angka Rp258,6 miliar, dengan pencapaian tertinggi terjadi pada 2025 dengan realisasi sebesar Rp95,2 miliar,” ungkap Fary. Tidak hanya di sektor investasi, India kini telah menjelma sebagai tujuan ekspor terbesar ketiga bagi Batam. Pada kuartal I-2026, nilai ekspor ke India mencapai USD521,6 juta, atau menyumbang 11,14 persen dari total ekspor Batam. “India adalah mitra strategis dengan potensi besar bagi pengembangan industri dan perdagangan kami. Pertumbuhan investasi dan volume perdagangan ini mencerminkan tingginya kepercayaan dunia usaha India terhadap daya saing Batam,” ujar Fary. Fary menambahkan, BP Batam tengah fokus memantapkan ekosistem investasi melalui pengembangan kawasan industri, logistik, dan perdagangan internasional. Sektor-sektor yang potensial untuk dikolaborasikan mencakup manufaktur, energi terbarukan, sektor maritim, hingga penguatan rantai pasok industri. Menanggapi hal tersebut, Konsul Jenderal India, Ravi Shankar Goel, mengapresiasi kemajuan pembangunan ekonomi di Batam. Menurutnya, India memandang Indonesia sebagai mitra strategis untuk tumbuh bersama sebagai negara maju. “Batam adalah salah satu kisah sukses pembangunan ekonomi di Indonesia. Keunggulan geografis yang dekat dengan Singapura, kepemimpinan yang kuat, serta kebijakan Kawasan Perdagangan Bebas (Free Trade Zone) menjadi daya tarik utama bagi investor,” kata Ravi. Sebagai langkah konkret, kedua pihak sepakat untuk menyelenggarakan forum presentasi bisnis secara hibrida. Forum ini direncanakan mempertemukan pengelola kawasan industri di Batam dengan jaringan Kamar Dagang India. Selain sebagai sarana promosi, pertemuan tersebut diharapkan mampu memetakan kebutuhan rantai pasok ekspor-impor secara lebih detail melalui identifikasi produk berbasis kode Harmonized System (HS). Langkah diplomasi ekonomi ini diharapkan memperkokoh posisi Batam sebagai kawasan pelabuhan bebas yang dinamis di kancah global. Follow Us Copyrightbatamnews.co.idAll rights reservedDikelola dan Dikembangkan Oleh :PT. Batam Media Siber Batamnews Network :","Sabtu, 09 Mei 2026 - 14:53  WIB",https://www.batamnews.co.id/berita-127354-investasi-india-di-batam-terus-melaju-tembus-rp-258-6-miliar.html
8,"Opor dan Rendang Cepat Basi? Stop Buang Makanan, Lakukan 9 Cara Ini agar Hidangan Lebaran Awet",Kuliner,"Copyright  2014 -batamnews.co.idAll rights reservedDikelola dan Dikembangkan Oleh :PT. Batam Media Siber Ilustrasi Login untuk menyimpan artikel favorit kamu Batam, Batamnews– Lebaran memang sudah lewat, tapi meja makan biasanya masih penuh dengan sisa opor ayam, rendang, hingga gulai. Sayangnya, hidangan bersantan ini ibarat ""bom waktu"". Salah sedikit saja dalam penanganan, makanan lezat tersebut akan berubah menjadi basi dan berakhir di tempat sampah. Jangan biarkan berkah Lebaran terbuang percuma. Untuk menjaga agar masakan bersantan tetap layak konsumsi dan tidak membahayakan kesehatan, Anda harus disiplin dalam menyimpannya. Berikut adalah panduan tegas agar makanan sisa Lebaran Anda lebih tahan lama: 1. Pastikan Masakan Matang SempurnaKunci utama ada pada proses memasak. Pastikan santan mendidih dengan sempurna hingga bakteri benar-benar mati. Opor yang dimasak setengah matang adalah sasaran empuk bagi kuman untuk berkembang biak lebih cepat. 2. Batasi Waktu di Suhu RuangJangan biarkan makanan tergeletak di meja makan seharian. Aturannya tegas: maksimal 2 jam di suhu ruang. Setelah itu, makanan harus segera masuk ke kulkas atau freezer sebelum kualitasnya menurun. 3. Dinginkan Sebentar, Baru Masuk KulkasMemasukkan panci panas langsung ke kulkas adalah kesalahan besar karena bisa merusak suhu stabil kulkas. Biarkan uap panasnya hilang terlebih dahulu, baru pindahkan ke wadah penyimpanan. Namun ingat, jangan menunggunya sampai berjam-jam. 4. Wajib Wadah Kedap UdaraGunakan wadah yang bersih, kering, dan tertutup rapat. Wadah kedap udara bukan hanya menjaga aroma, tapi juga mencegah kontaminasi bakteri dan bau dari bahan makanan lain di dalam kulkas. 5. Bagi ke Porsi KecilJangan simpan seluruh sisa opor dalam satu panci besar. Bagilah ke dalam wadah-wadah kecil yang dangkal. Selain membuat suhu dingin merata lebih cepat, cara ini memudahkan Anda mengambil porsi secukupnya tanpa harus memanaskan seluruh stok berulang kali. 6. Stop Mengaduk SembaranganIni yang sering disepelekan. Jangan bolak-balik mengaduk makanan dengan sendok yang sudah dipakai makan atau terkena air liur. Bakteri dari sendok kotor akan membuat santan pecah dan cepat asam. 7. Panaskan Hingga MendidihSaat ingin menyantapnya kembali, jangan tanggung-tanggung. Panaskan makanan sampai benar-benar mendidih secara merata. Setelah dipanaskan, usahakan langsung dihabiskan. Memanaskan makanan berkali-kali hanya akan merusak rasa dan nutrisinya. 8. Freezer untuk Jangka PanjangJika Anda merasa tidak sanggup menghabiskan gulai atau sambal goreng dalam dua hari, segera pindahkan ke freezer. Bekukan dalam kantong khusus atau wadah tertutup. Saat ingin dimakan, cairkan dulu di kulkas bawah sebelum dipanaskan kembali. 9. Kenali Batas Waktu: Jangan Dipaksa!Kulkas bukan mesin waktu yang bisa mengawetkan selamanya. Di dalam kulkas biasa, makanan matang umumnya hanya aman dikonsumsi selama 3 hingga 4 hari. Jika aroma sudah berubah masam, tekstur kuah berlendir, atau warna berubah, jangan kompromi. Segera buang! Kesehatan Anda jauh lebih berharga daripada sepiring makanan sisa. Menerapkan pola simpan yang benar adalah bentuk menghargai makanan. Mari lebih bijak mengelola hidangan pasca-Lebaran agar tetap sehat dan hemat. Follow Us Copyrightbatamnews.co.idAll rights reservedDikelola dan Dikembangkan Oleh :PT. Batam Media Siber Batamnews Network :","Senin, 23 Maret 2026 - 10:20  WIB",https://www.batamnews.co.id/berita-126271-opor-dan-rendang-cepat-basi-stop-buang-makanan-lakukan-9-cara-ini-agar-hidangan-lebaran-awet.html
9,Pengawal Pribadi Gubernur Kepri Diduga Ikut Kawal Bos Judol,Hukum,"Copyright  2014 -batamnews.co.idAll rights reservedDikelola dan Dikembangkan Oleh :PT. Batam Media Siber Gambar ilustrasi dibuat dengan AI. Login untuk menyimpan artikel favorit kamu Batam, Batamnews– Nama Brigadir BA, pengawal pribadi Gubernur Kepulauan Riau Ansar Ahmad, ikut terseret dalam kasus penggerebekan markas judi online, love scamming, dan phishing e-commerce di Apartemen Baloi View, Lubuk Baja, Batam. BA diduga pernah mendampingi seorang pria bernama Alvin. Alvin disebut sebagai pengendali jaringan ilegal tersebut. Ia merupakan warga Tanjungpinang yang kemudian pindah ke Batam. Alvin juga disebut pernah beroperasi di Kamboja. Berdasarkan penelusuran Batamnews, BA beberapa kali terlihat bersama Alvin. Saat itu, BA mengenakan pakaian sipil. Baca juga:Imigrasi Batam ""Gebrak"" Opus Bay: 24 WN Tiongkok Dideportasi, Tak Bisa Kembali ke Indonesia “Dia berpakaian sipil saat mengawal Alvin,” ujar seorang saksi mata. Saksi itu juga menyebut BA membawa pistol saat mendampingi Alvin. “Ada senjata api,” katanya. Kepala Dinas Komunikasi dan Informatika Kepri, Hendri Kurniadi, membenarkan BA merupakan anggota Polri. Ia bertugas sebagai pengawal pribadi Gubernur Kepri untuk penugasan khusus di Batam. Pada Kamis, 7 Mei 2026, Hendri menjelaskan BA bertugas dalam pengamanan tertutup terhadap pejabat di Kepri, terutama saat Gubernur Ansar Ahmad berada di Batam. Namun, Hendri menyebut BA membantah terlibat dalam aktivitas ilegal. Termasuk dugaan mengawal Alvin atau aktivitas penukaran bitcoin di Batam. “BA menyatakan tidak pernah melakukan kegiatan ilegal seperti yang disebutkan,” tambah Hendri. Nama Alvin mencuat setelah Kantor Imigrasi Kelas I Khusus TPI Batam menggerebek Apartemen Baloi View, Rabu, 6 Mei 2026 pagi. Petugas mengamankan 210 warga negara asing dari Vietnam, Myanmar, dan Tiongkok. Mereka diduga menjadi operator love scamming, judi online, dan phishing e-commerce. Alvin sendiri belum berhasil diamankan. Aktivitas ilegal itu diduga sudah berlangsung sekitar dua bulan di apartemen tersebut. Jaringan ini bekerja secara terorganisir. Petugas menyita puluhan unit komputer, CPU, dan berbagai perangkat elektronik lain yang diduga menjalankan kejahatan digital. Sumber Batamnews menyebut Alvin diduga memiliki harta Rp1 triliun dalam bentuk bitcoin. Aset kripto itu diduga berasal dari hasil kejahatan digital saat jaringan beroperasi di Kamboja. Baca juga:Buntut Dugaan Pelanggaran Hukum, Ratusan WNA Vietnam, Myanmar hingga Tiongkok Diangkut ke Kantor Imigrasi Batam Dugaan keterlibatan BA sebagai pengawal Alvin membuat kasus ini semakin disorot. Pasalnya, BA adalah anggota Polri yang juga mengawal pejabat daerah. Saat peliputan di lokasi penggerebekan, sejumlah pihak melarang wartawan mengambil gambar. Larangan itu datang dari warga sipil maupun petugas di sekitar apartemen. Batamnews masih berupaya meminta keterangan resmi dari Kantor Imigrasi Batam dan Polda Kepri terkait keberadaan Alvin, status para WNA, serta dugaan keterlibatan pihak lain. Follow Us Copyrightbatamnews.co.idAll rights reservedDikelola dan Dikembangkan Oleh :PT. Batam Media Siber Batamnews Network :","Kamis, 07 Mei 2026 - 17:26  WIB",https://www.batamnews.co.id/berita-127318-pengawal-pribadi-gubernur-kepri-diduga-ikut-kawal-bos-judol.html
10,"ERA, Newly set up by the former Sunseap’s co-founder, has licence to import 400MWac of clean energy to Singapore",Batamnews English,"Copyright  2014 -batamnews.co.idAll rights reservedDikelola dan Dikembangkan Oleh :PT. Batam Media Siber The ERA-CREI Agreement was signed this morning at the Asia Clean Energy Summit 2025 in Singapore by Mr. Phuan and Mr. Sun Jinfeng, Singapore Country Manager of CREI, in the presence of senior representatives from both companies. Login untuk menyimpan artikel favorit kamu Singapore, Batamnews– Singapore-based Equator Renewables Asia (ERA), a new venture of former Sunseap co-founder Frank Phuan, has received the backing of CRE International Co., Ltd (CREI), a subsidiary of China’s nuclear giant, China National Nuclear Corporation, for a multi-billion dollar project to generate and export clean energy to Singapore from the Riau Islands. Both parties today signed a Cooperation Framework Agreement to jointly invest and develop a utility-scale solar and battery project. The 900MWp photovoltaic and 1.2GWh battery energy storage system is expected to generate around 830GWh of clean energy per year when completed by 2029. The project is the first to be announced under ERA’s flagship Singapore-Indonesia renewable energy programme, for which ERA is among six companies granted conditional licences by the Energy Market Authority (EMA) to import clean energy into Singapore. The Republic is committed to net zero emissions by 2050 and plans to import about six gigawatts (GW) of low-carbon electricity by 2035 to meet a third of the country’s energy needs. The ERA-CREI Agreement was signed this morning at the Asia Clean Energy Summit 2025 in Singapore by Mr. Phuan and Mr. Sun Jinfeng, Singapore Country Manager of CREI, in the presence of senior representatives from both companies. Under the Agreement, CREI will lead the generation-side investment, construction and operation of the solar PV and BESS facilities, while ERA will manage transmission and offtake coordination. Mr. Phuan, Founder and CEO of ERA, said: “We are exceedingly bullish on the demand for low-carbon energy in Singapore and our vision from day one has been to position ourselves to meet this burgeoning need. This utility-scale project is the first and major step for ERA to turn vision into impact."" ""We are delighted that an established company like CRE International is willing to back our vision and contribute its expertise and resources towards this project, which will create many jobs, foster local expertise and support economic growth in the Riau Islands.” Mr. Sun, Singapore Country Manager of CREI, added: “We are delighted to partner ERA in this exciting project. Frank is a veteran in Southeast Asia’s renewable energy industry. His deep understanding of the region and extensive on-the-ground experience are invaluable in ensuring the success of this project. ""Leveraging CNNC’s global engineering experience and ERA’s regional experience, this project will showcase the potential of large-scale solar and storage integration in Southeast Asia.” ERA was formed this year after Mr. Phuan bought over its assets from EDP Renewables APAC, Portugal’s leading renewable energy company which acquired Sunseap four years ago. He has been working on the Indonesian project for more than three years as part of the Sunseap-EDPR regionalisation drive. Under the EMA’s conditional licence, ERA can import 400MWac of renewable electricity into Singapore via a subsea cable. Once operational, the full project is expected to contribute approximately 2,100GWh of renewable electricity annually — enough to power more than 350,000 Singapore households and offset over one million tonnes of CO2 each year. CREI is the renewable energy arm of CNNC, a state-owned enterprise that manages China’s nuclear power industry and related sectors. China accounts for 40% of global renewable capacity expansion, according to the International Energy Agency (IEA). Equator Renewables Asia is a Singapore-headquartered renewable energy platform focused on delivering large-scale solar, energy storage, and cross-border power transmission projects across Southeast Asia. As one of Singapore’s Conditional Licence awardees for renewable electricity imports, ERA is pioneering the region’s first commercial-scale clean-energy export from Indonesia to Singapore. The company’s leadership team has successfully developed over 1 GW of renewable projects across 10 countries. Follow Us Copyrightbatamnews.co.idAll rights reservedDikelola dan Dikembangkan Oleh :PT. Batam Media Siber Batamnews Network :","Sabtu, 01 November 2025 - 11:47  WIB",https://www.batamnews.co.id/berita-123347-era-newly-set-up-by-the-former-sunseap-s-co-founder-has-licence-to-import-400mwac-of-clean-energy-to-singapore.html
11,"Mojtaba Khamenei Keluarkan Arahan Baru, Militer Iran Siaga Penuh Pasca Perang 40 Hari",Internasional,"Copyright  2014 -batamnews.co.idAll rights reservedDikelola dan Dikembangkan Oleh :PT. Batam Media Siber Mojtaba Khamenei . Login untuk menyimpan artikel favorit kamu Batam, Batamnews– Panglima Markas Besar Khatam al-Anbiya, Mayor Jenderal Ali Abdollahi, menyatakan bahwa seluruh angkatan bersenjata Iran kini berada dalam status siaga tinggi. Pernyataan itu disampaikan dalam pertemuan dengan Pemimpin Revolusi Islam, Sayyid Mojtaba Khamenei, pada Minggu, 10 Mei 2026. Dalam pertemuan tersebut, Abdollahi memaparkan laporan kesiapan militer Iran. Ia menegaskan bahwa seluruh pejuang memiliki moral tempur yang tinggi dan siap melakukan pertahanan maupun serangan secara matang. Militer terus mengembangkan rencana strategis serta memperkuat peralatan tempur dan persenjataan untuk menghadapi segala tindakan musuh. Abdollahi menambahkan, pasukan tetap siaga penuh dan akan memberi respons cepat serta kuat terhadap setiap agresi atau kesalahan perhitungan strategis dari pihak lawan. Baca juga:Trump Tarik 5.000 Tentara dari Jerman, Iran Siaga Perang: Proposal Damai 14 Poin Terganjal Abdollahi juga menegaskan bahwa angkatan bersenjata Iran sepenuhnya patuh pada arahan Pemimpin Revolusi. Komitmen membela prinsip-prinsip Revolusi Islam, kedaulatan Iran, dan kepentingan nasional tetap dipegang teguh. Sementara itu, Sayyid Khamenei menyampaikan apresiasi atas upaya dan kesiapan para pejuang serta personel angkatan bersenjata. Menurut kantor berita resmi Iran, IRNA, pemimpin tertinggi mengeluarkan arahan dan langkah-langkah baru untuk melanjutkan operasi saat ini serta menghadapi kekuatan musuh pasca perang AS-Israel yang berlangsung 40 hari melawan Iran. Arahan itu bertujuan memastikan kelanjutan operasi dan memperkuat respons yang tegas dan efektif terhadap musuh. Baca juga:Iran Serahkan Proposal Baru ke AS via Pakistan, Gencatan Senjata Masih Bertahan Merujuk arahan sebelumnya selama perang agresi AS dan rezim Israel, Khamenei mencatat bahwa militer Iran berkat rahmat ilahi telah meraih kemenangan luar biasa dan menggagalkan musuh mencapai tujuan jahat mereka. Follow Us Copyrightbatamnews.co.idAll rights reservedDikelola dan Dikembangkan Oleh :PT. Batam Media Siber Batamnews Network :","Minggu, 10 Mei 2026 - 21:50  WIB",https://www.batamnews.co.id/berita-127373-mojtaba-khamenei-keluarkan-arahan-baru-militer-iran-siaga-penuh-pasca-perang-40-hari.html
12,Pemko Batam Pertimbangkan Kartu Sementara bagi Pendatang untuk Kendalikan Migrasi,Batam,"Copyright  2014 -batamnews.co.idAll rights reservedDikelola dan Dikembangkan Oleh :PT. Batam Media Siber Wali Kota Batam, Amsakar Achmad. (Foto: Asrul/Batamnews) Login untuk menyimpan artikel favorit kamu Batam, Batamnews– Pemerintah Kota (Pemko) Batam tengah menseriusi langkah pengendalian arus migrasi penduduk yang melonjak tajam. Wali Kota Batam, Amsakar Achmad, menyatakan bahwa salah satu opsi kebijakan yang sedang dipertimbangkan secara matang adalah penerapan Kartu Sementara bagi warga pendatang.Kebijakan ini mencuat seiring dengan pemberlakuan Peraturan Daerah (Perda) Administrasi Kependudukan (Adminduk) tahun 2026, yang menggantikan regulasi lama tahun 2001.Amsakar menjelaskan bahwa kebijakan Kartu Sementara ini bukan tanpa alasan. Hal ini berkaitan erat dengan kemampuan finansial daerah dalam mengelola pelayanan publik bagi jumlah penduduk yang terus bertambah.“Kami sedang mempertimbangkan kebijakan penggunaan kartu sementara karena berkaitan dengan keterbatasan APBD daerah dalam mendesain kebijakan yang tepat,” tegas Amsakar.Ia menambahkan bahwa tanpa pengendalian yang ketat, lonjakan penduduk akan memberikan tekanan luar biasa pada ekosistem kota.""Jika kondisi ini tidak terkendali, maka akan terjadi tekanan terhadap ekosistem yang mempengaruhi pelayanan publik, terutama keandalan listrik dan air bersih,"" ujarnya.Berdasarkan data, terdapat penambahan neto penduduk sebesar 17.600 jiwa dalam satu tahun terakhir. Angka ini dinilai sangat serius karena jika tidak dibarengi dengan keahlian (skill), para pendatang hanya akan menambah angka pengangguran di Batam.“Harapan kami, warga yang datang ke Batam memiliki skill. Pemukiman akan terus tumbuh, namun di sisi lain ini menyebabkan semakin tingginya angka pengangguran jika tidak dikelola,” lanjutnya.Di tengah rencana kebijakan besar ini, Amsakar juga menegaskan bahwa komunikasi di jajaran pimpinan Pemko Batam tetap berjalan harmonis dan saling melengkapi.Menurutnya, karakter kepemimpinan yang berbeda antara dirinya dan Wakil Wali Kota justru menjadi kekuatan untuk mensosialisasikan kebijakan seperti Kartu Sementara ini kepada publik secara lebih efektif.Dengan adanya Kartu Sementara, Pemko Batam berharap dapat memetakan populasi dengan lebih akurat sehingga pembangunan infrastruktur dan penyediaan fasilitas dasar seperti air dan listrik tetap terjaga keandalannya. Follow Us Copyrightbatamnews.co.idAll rights reservedDikelola dan Dikembangkan Oleh :PT. Batam Media Siber Batamnews Network :","Senin, 11 Mei 2026 - 10:28  WIB",https://www.batamnews.co.id/berita-127378-pemko-batam-pertimbangkan-kartu-sementara-bagi-pendatang-untuk-kendalikan-migrasi.html
13,"Sapu Bersih Data Tumpang Tindih, Pemkab Lingga Matangkan Pendataan Sekolah Rakyat 2026",Kepulauan Riau,"Copyright  2014 -batamnews.co.idAll rights reservedDikelola dan Dikembangkan Oleh :PT. Batam Media Siber Sekda Lingga Armia (kiri) bersama Asisten Pemerintahan Gandime Diyanto saat menghadiri rakor Sekolah Rakyat. (Foto: dok.Diskominfo Lingga) Login untuk menyimpan artikel favorit kamu Lingga, Batamnews— Pemerintah Kabupaten Lingga tidak ingin program Sekolah Rakyat (SR) hanya sekadar menjadi angka di atas kertas. Untuk memastikan setiap bantuan pendidikan sampai ke tangan yang benar-benar membutuhkan, Pemkab Lingga menggelar Rapat Koordinasi (Rakor) besar-besaran untuk mematangkan pendataan calon peserta didik pada Senin (11/5/2026). Rapat yang berlangsung di Ruang Rapat Kantor Bupati Lingga ini menjadi sangat krusial. Fokus utamanya adalah menyisir data calon siswa mulai dari tingkat SD, SMP, hingga SMA yang akan masuk dalam program Sekolah Rakyat. Sekretaris Daerah (Sekda) Kabupaten Lingga, Armia memberikan instruksi tegas dalam pertemuan tersebut. Ia menekankan bahwa persiapan dan koordinasi antarperangkat daerah adalah kunci utama. Pendataan tidak boleh dilakukan asal-asalan, melainkan harus akurat, tepat sasaran, dan sepenuhnya patuh pada ketentuan yang berlaku. Senada dengan Sekda, Kepala Dinas Sosial, Pemberdayaan Perempuan, dan Perlindungan Anak Kabupaten Lingga, Muhammad Arief mengingatkan bahwa program Sekolah Rakyat adalah solusi nyata bagi masyarakat yang kesulitan mengakses layanan pendidikan. Oleh karena itu, sinergi lintas instansi bukan lagi sekadar himbauan, melainkan keharusan. ""Pentingnya sinergi seluruh pihak dalam proses pendataan ini agar pelaksanaan program Sekolah Rakyat benar-benar memberikan manfaat nyata bagi masyarakat yang membutuhkan,"" tegasnya. Rakor ini memang bertujuan untuk ""mengunci"" pemahaman yang sama antarinstansi. Pemkab Lingga ingin memastikan tidak ada lagi tumpang tindih data atau calon peserta didik yang terlewatkan. Dengan data yang akurat, program Sekolah Rakyat diharapkan mampu menjadi motor penggerak transformasi pendidikan di Kabupaten Lingga. Keseriusan Pemkab Lingga terlihat dari deretan pejabat yang hadir. Mulai dari Kepala BPKAD, Barenlitbang, Inspektur Daerah, hingga jajaran pimpinan Disdikpora, Diskominfo, dan DPMD. Tak ketinggalan, garda terdepan di lapangan seperti Tim Pendamping Sosial (PKH) dan Pekerja Sosial (Peksos) Kemensos RI juga dilibatkan untuk memastikan validasi data di tingkat akar rumput. Melalui koordinasi yang solid ini, Pemkab Lingga optimis program Sekolah Rakyat 2026 akan berjalan lebih optimal, transparan, dan mampu memberikan harapan baru bagi masa depan anak-anak di Kabupaten Lingga. Follow Us Copyrightbatamnews.co.idAll rights reservedDikelola dan Dikembangkan Oleh :PT. Batam Media Siber Batamnews Network :","Senin, 11 Mei 2026 - 13:29  WIB",https://www.batamnews.co.id/berita-127383-sapu-bersih-data-tumpang-tindih-pemkab-lingga-matangkan-pendataan-sekolah-rakyat-2026.html
14,"Batam Membara di Awal Pekan, Suhu Terasa 36 Derajat, Hujan Intai Waktu Siang",Batam,"Copyright  2014 -batamnews.co.idAll rights reservedDikelola dan Dikembangkan Oleh :PT. Batam Media Siber Cuaca Batam hari ini diprediksi berawan hingga hujan. (Foto: dok.Batamnews) Login untuk menyimpan artikel favorit kamu Batam, Batamnews— Warga Batam sebaiknya mempersiapkan fisik ekstra untuk mengawali pekan ini, Senin (11/5/2026). Pasalnya, cuaca di Batam diprediksi bakal terasa sangat menyengat meskipun langit terlihat didominasi oleh awan. Pantauan prakiraan cuaca pagi ini menunjukkan suhu udara berada di angka 30 derajat Celsius. Namun, jangan terkecoh; tingkat kelembapan yang tinggi membuat suhu yang dirasakan tubuh (real feel) justru mencapai 36 derajat Celsius. Kondisi ""gerah"" yang luar biasa ini diperkirakan akan bertahan sepanjang pagi hingga menjelang siang hari. Hingga pukul 11.00 WIB, cuaca diprediksi stabil di angka 31 derajat Celsius dengan kondisi berawan. Bagi Anda yang beraktivitas di luar ruangan, sangat disarankan untuk menjaga hidrasi tubuh karena suhu yang dirasakan cukup ekstrem bagi kulit. Memasuki waktu siang hari, situasi mulai sedikit berubah. Tepat pada pukul 12.00 hingga 13.00 WIB, potensi hujan ringan mulai mengintai dengan probabilitas sebesar 30 persen. Meski peluangnya tergolong kecil, perubahan cuaca mendadak khas Batam tetap harus diwaspadai agar aktivitas Anda tidak terganggu. Gunakan pakaian yang menyerap keringat dan pastikan asupan air putih tercukupi untuk menghadapi suhu yang terasa ""membara"" hari ini. Selain itu, sediakan payung atau jas hujan sebagai antisipasi jika hujan turun saat jam istirahat siang nanti. Tetap waspada dan jaga kesehatan di tengah cuaca yang tak menentu! Follow Us Copyrightbatamnews.co.idAll rights reservedDikelola dan Dikembangkan Oleh :PT. Batam Media Siber Batamnews Network :","Senin, 11 Mei 2026 - 08:12  WIB",https://www.batamnews.co.id/berita-127374-batam-membara-di-awal-pekan-suhu-terasa-36-derajat-hujan-intai-waktu-siang.html
15,"Krisis 1.500 Guru, Pemko Batam Hanya Mampu Usulkan 350 Formasi CPNS 2026 Akibat Terbentur Anggaran",Batam,"Copyright  2014 -batamnews.co.idAll rights reservedDikelola dan Dikembangkan Oleh :PT. Batam Media Siber Sekretaris Daerah (Sekda) Kota Batam, Firmansyah. Login untuk menyimpan artikel favorit kamu Batam, Batamnews– Pemerintah Kota (Pemko) Batam resmi mengajukan usulan formasi Calon Pegawai Negeri Sipil (CPNS) untuk tahun anggaran 2026 kepada pemerintah pusat. Langkah ini diambil guna menambal kekurangan tenaga pendidik dan tenaga medis yang menjadi prioritas pelayanan publik di Kota Batam.Sekretaris Daerah (Sekda) Kota Batam, Firmansyah mengonfirmasi bahwa usulan tersebut telah dikirimkan. Fokus utama rekrutmen tahun ini adalah untuk mengisi dua sektor krusial, yakni tenaga guru dan tenaga kesehatan.""Kita usulkan CPNS ke pusat. Sudah kami kirim, kalau tidak salah angkanya kurang lebih 350 usulan untuk mengisi formasi guru dan tenaga kesehatan,"" ujar Sekda usai menghadiri kegiatan di Kantor DPRD Kota Batam, Rabu (6/5/2026).Meski telah mengusulkan ratusan formasi, angka tersebut diakui masih jauh dari total kebutuhan riil di lapangan. Berdasarkan data dari Dinas Pendidikan (Disdik) Kota Batam, saat ini Batam sebenarnya masih mengalami kekurangan hingga 1.500 tenaga guru.Namun, Pemko Batam harus bersikap realistis dalam menyusun usulan. Penentuan angka 350 formasi tersebut didasarkan pada perhitungan matang mengenai kemampuan Anggaran Pendapatan dan Belanja Daerah (APBD) untuk membiayai gaji dan tunjangan ASN ke depannya.""Usulan ini melihat kemampuan anggaran dari Pemko Batam. Kita berupaya maksimal agar kebutuhan dasar tetap terpenuhi di tengah keterbatasan yang ada,"" jelasnya.Langkah pengusulan CPNS ini juga menjadi satu-satunya solusi legal bagi pemerintah daerah dalam menambah personel. Sesuai dengan arahan pemerintah pusat, pemerintah daerah kini dilarang keras untuk merekrut tenaga honorer baru.Oleh karena itu, jalur seleksi CPNS 2026 diharapkan dapat menjadi jawaban atas kekosongan posisi akibat banyaknya pegawai yang memasuki masa pensiun maupun peningkatan kebutuhan layanan di sekolah dan Puskesmas/RSUD.Saat ini, Pemko Batam dalam posisi menunggu keputusan dari Kementerian Pendayagunaan Aparatur Negara dan Reformasi Birokrasi (Kemenpan-RB) terkait berapa banyak dari 350 formasi tersebut yang akan disetujui.""Ya, kita tinggal tunggu dari pusat saja. Untuk jadwal pelaksanaan tahun ini, termasuk ketentuan atau petunjuk teknis (juknis), kami masih menunggu arahan lebih lanjut dari pusat,"" pungkasnya.Masyarakat, khususnya para pencari kerja di bidang pendidikan dan kesehatan, diimbau untuk mulai mempersiapkan diri sambil memantau informasi resmi melalui kanal komunikasi Pemerintah Kota Batam. Follow Us Copyrightbatamnews.co.idAll rights reservedDikelola dan Dikembangkan Oleh :PT. Batam Media Siber Batamnews Network :","Senin, 11 Mei 2026 - 11:44  WIB",https://www.batamnews.co.id/berita-127380-krisis-1-500-guru-pemko-batam-hanya-mampu-usulkan-350-formasi-cpns-2026-akibat-terbentur-anggaran.html
16,"Potret Harley Davidson FXDR BP 6215 VE di Jalanan Batam, Gaya Pejabat yang Mengabaikan Aturan",Batam,"Copyright  2014 -batamnews.co.idAll rights reservedDikelola dan Dikembangkan Oleh :PT. Batam Media Siber Sosok di atas motor mewah tersebut tak lain adalah Ketua DPRD Provinsi Kepulauan Riau (Kepri), Iman Sutiawan. (Foto: tangkapan layar) Login untuk menyimpan artikel favorit kamu Batam, Batamnews— Sebuah mesin buas berkapasitas 1.868 CC melintas di jalanan protokol Kota Batam. Harganya fantastis, menyentuh angka Rp645 juta. Namun, di balik kemewahan dan kegaharan Harley Davidson FXDR keluaran 2021 itu, terselip pemandangan yang mengundang kritik tajam: sang penunggangnya melaju tanpa mengenakan helm pelindung kepala. Sosok di atas motor mewah tersebut tak lain adalah Ketua DPRD Provinsi Kepulauan Riau (Kepri), Iman Sutiawan. Aksiriding-nya mendadak viral dan menjadi sorotan bukan karena kerennya tunggangan, melainkan karena pengabaian standar keselamatan dasar di jalan raya. Harley Davidson FXDR M/T bukanlah motor sembarangan. Dengan kapasitas mesin 1.868 CC, motor jeniscruiserini masuk dalam kategori kendaraan yang menuntut tanggung jawab dan keterampilan tinggi. Berdasarkan aturan kepolisian, mengendarai motor di atas 500 CC wajib menggunakan SIM CII—sebuah lisensi kasta tertinggi yang hanya bisa didapatkan melalui proses berjenjang dan uji kompetensi ketat. Regulasi tersebut dibuat bukan tanpa alasan. Kapasitas mesin sebesar itu membawa bobot dan tenaga yang sangat besar, sehingga risiko di jalan raya pun meningkat berkali lipat. Ironisnya, tanggung jawab besar yang melekat pada spesifikasi gahar motor tersebut justru tidak diiringi dengan kepatuhan menggunakan helm sebagai alat pelindung nyawa. Dalam video yang beredar, Iman Sutiawan terlihat sangat santai melaju dari kawasan Sekupang hingga Sei Ladi. Alih-alih helm standar SNI, politisi ini hanya mengenakan topi biasa, kacamata hitam, dan kemeja loreng di atas moge bernomor plat BP 6215 VE tersebut. Ia bahkan sempat memberikan jempol ke arah kamera di tengah padatnya lalu lintas Batam. Sikap abai ini langsung memicu gelombang kekecewaan dari warganet. Sebagai pejabat publik, Iman dinilai telah memberikan contoh yang buruk bagi masyarakat umum. ""Pakde pake helm pakde nanti rakyatmu ngikutin klo gk pke helm trus d tilang tinggal jawab saya ikut pak ketua dprd kepri juga gk tilang gitu gimana,"" tulis akun @aw.shanty yang menyuarakan sindiran pedas di media sosial. Meski video tersebut awalnya diunggah sendiri melalui akun Instagram pribadinya, @iman_sutiawan75, unggahan itu segera dihapus setelah menuai polemik. Namun, jejak digital aksi berkendara tanpa helm dengan motor berharga ratusan juta tersebut telah tersebar luas. Hingga saat ini, publik masih menanti klarifikasi dari Iman Sutiawan. Follow Us Copyrightbatamnews.co.idAll rights reservedDikelola dan Dikembangkan Oleh :PT. Batam Media Siber Batamnews Network :","Senin, 11 Mei 2026 - 09:09  WIB",https://www.batamnews.co.id/berita-127376-potret-harley-davidson-fxdr-bp-6215-ve-di-jalanan-batam-gaya-pejabat-yang-mengabaikan-aturan.html
17,"Showroom Metro Buka Suara soal Sengketa Mobil Mewah Rp1,6 Miliar di Batam",Batam,"Copyright  2014 -batamnews.co.idAll rights reservedDikelola dan Dikembangkan Oleh :PT. Batam Media Siber Kuasa Hukum Showroom Metro Motorcars, Bayu, menyayangkan berkembangnya opini publik yang dinilai menyudutkan pihak dealer. (Foto: istimewa) Login untuk menyimpan artikel favorit kamu Batam, Batamnews— Sengketa antara konsumen dan Showroom Metro Motorcars terkait pembelian mobil mewah senilai Rp1,6 miliar di Batam memasuki babak baru. Pihak showroom kini buka suara dan menyebut persoalan tersebut tidak hanya berkaitan dengan klaim kerusakan kendaraan, tetapi juga menyangkut kewajiban pembayaran yang belum diselesaikan konsumen. Melalui kuasa hukumnya, Bayu S.H., Metro Motorcars menyatakan bahwa transaksi kendaraan tersebut dilakukan dengan skema pembayaran bertahap langsung kepada showroom. Pembelian itu disebut tidak menggunakan fasilitas leasing atau perusahaan pembiayaan. Menurut Bayu, skema tersebut diberikan atas dasar kepercayaan antara pihak showroom dan konsumen. Konsumen, kata dia, diberikan kemudahan untuk membayar kendaraan secara bertahap tanpa bunga dalam jangka waktu satu tahun. Namun, dalam perjalanannya, pembayaran tidak diselesaikan sesuai kesepakatan. “Dari harga kendaraan Rp1,6 miliar, konsumen baru membayar sekitar Rp600 juta. Masih ada sisa kewajiban sekitar Rp1 miliar yang belum dilunasi,” ujar Bayu dalam keterangannya, Jumat (8/5/2026). Bayu mengatakan, pihak showroom sebelumnya sudah menunjukkan itikad baik dengan menyerahkan kendaraan kepada konsumen meski pembayaran belum lunas. Kendaraan tersebut, lanjutnya, sudah digunakan konsumen selama hampir satu tahun, tepatnya sekitar 11 bulan. Menurut Bayu, klaim kerusakan kendaraan justru muncul bertepatan dengan masa jatuh tempo pembayaran terakhir, saat konsumen seharusnya melunasi sisa kewajiban pembelian kendaraan tersebut. “Kerusakan itu muncul pada saat kewajiban pelunasan sudah jatuh tempo. Padahal sebelumnya kendaraan sudah digunakan cukup lama oleh konsumen,” kata Bayu. Bayu menyebut, setelah adanya keluhan tersebut, pihak showroom tetap berupaya menyelesaikan persoalan secara baik. Kendaraan, kata dia, telah diperbaiki dan sejumlah komponen yang bermasalah sudah diganti dengan sparepart baru. Namun, menurut Bayu, setelah perbaikan dilakukan, konsumen tetap tidak melanjutkan pelunasan. Pihak showroom menilai konsumen kembali menyampaikan alasan lain untuk tidak membayar sisa kewajiban yang sudah jatuh tempo. “Terkait tuduhan kendaraan rusak atau refurbish, perlu dilihat secara utuh. Mobil tersebut sudah digunakan hampir satu tahun oleh konsumen. Setelah diperbaiki dan diganti dengan sparepart baru, konsumen tetap tidak mau melunasi kewajibannya,” ujarnya. Menurut Bayu, berdasarkan pemeriksaan bengkel dan ahli, persoalan yang muncul pada kendaraan tersebut disebut berkaitan dengan keausan pada seal atau karet. Ia menyebut kondisi itu merupakan hal yang dapat terjadi dalam pemakaian kendaraan, bukan kerusakan besar pada mesin sebagaimana yang sebelumnya diklaim. Meski demikian, pihak Metro Motorcars menyatakan tetap pernah memberikan layanan servis sebagai bentuk itikad baik kepada konsumen. Bayu juga menyoroti permintaan konsumen terkait penyelesaian sengketa. Menurutnya, pihak konsumen sempat meminta penggantian unit kendaraan lain atau pengembalian uang secara penuh. Pihak showroom menilai permintaan tersebut tidak sejalan dengan kondisi transaksi karena masih ada kewajiban pembayaran yang belum diselesaikan. “Kalau memang ada persoalan teknis, seharusnya diselesaikan melalui mekanisme pemeriksaan dan perbaikan. Dalam industri otomotif, garansi tidak serta-merta berarti penggantian unit baru,” ujar Bayu. Di sisi lain, Metro Motorcars menyayangkan munculnya pemberitaan dan opini publik yang dinilai menyudutkan showroom. Bayu menilai persoalan ini sebaiknya diselesaikan melalui jalur hukum, bukan dengan membangun opini sepihak di ruang publik. Ia juga menyinggung proses mediasi yang sebelumnya berlangsung di Pengadilan Negeri Batam. Menurut Bayu, pihak showroom hadir dalam agenda mediasi, sementara pihak konsumen disebut hanya diwakili kuasa hukum. “Jika memang ada dokumen atau bukti yang ingin disampaikan, sebaiknya dibuka dalam persidangan agar semuanya terang dan dapat diuji secara hukum,” katanya. Karena proses penyelesaian sebelumnya tidak membuahkan hasil, Metro Motorcars kini menempuh jalur hukum di Pengadilan Negeri Batam. Pihak showroom menuntut penyelesaian sisa pembayaran kendaraan yang disebut masih menjadi kewajiban konsumen. “Kami akan membuktikan melalui proses hukum bahwa persoalan ini bukan hanya soal klaim kerusakan kendaraan, tetapi juga menyangkut kewajiban pembayaran yang belum diselesaikan,” ujar Bayu. Sementara itu, pihak konsumen sebelumnya membantah tudingan bahwa mereka sengaja membesar-besarkan persoalan kerusakan kendaraan untuk menghindari kewajiban pembayaran. Kuasa hukum konsumen, Rionaldo, menyatakan pihaknya memiliki alasan hukum dan bukti yang akan disampaikan dalam persidangan. Ia juga membantah tudingan bahwa kliennya sengaja merusak kendaraan tersebut. Dengan gagalnya proses mediasi, sengketa ini diperkirakan akan berlanjut ke tahap persidangan. Kedua pihak kini sama-sama menyiapkan bukti dan argumentasi hukum masing-masing. Follow Us Copyrightbatamnews.co.idAll rights reservedDikelola dan Dikembangkan Oleh :PT. Batam Media Siber Batamnews Network :","Sabtu, 09 Mei 2026 - 18:07  WIB",https://www.batamnews.co.id/berita-127353-showroom-metro-buka-suara-soal-sengketa-mobil-mewah-rp1-6-miliar-di-batam.html
18,"Penantian Bertahun-Tahun Terjawab, Bupati Roby Resmikan Dermaga 'Mak Yong' Pulau Mantang",Advertorial,"Copyright  2014 -batamnews.co.idAll rights reservedDikelola dan Dikembangkan Oleh :PT. Batam Media Siber  Login untuk menyimpan artikel favorit kamu Bintan, Batamnews- Dermaga (pelabuhan masyarakat) Kecamatan Mantang yang terletak di Desa Mantang Lama, menjadi salah satu dermaga utama dan terbesar dalam menunjang aktivitas masyarakat Mantang secara keseluruhan. Setelah dinantikan selama bertahun-tahun, usulan rehabilitasi dermaga tersebut akhirnya masuk dan mendapat skala prioritas dalam usulan Musrenbang Kecamatan, kemudian langsung direalisasikan pada akhir tahun 2025 lalu. ""Alhamdulillah, dermaga ini telah kita resmikan dan bisa digunakan seluruh masyarakat"" kata Bupati Bintan Roby Kurniawan, didampingi Wakil Bupati Bintan Deby Maryanti, usai pemotongan pita tanda peresmian dermaga yang diberi nama 'Mak Yong' ini, Sabtu sore (21/02). Dalam kunjungan yang juga bersempena dengan Safari Ramadan Pemkan Bintan di Kecamatan Mantang ini, Roby mengungkapkan, banyak PR (Pekerjaan Rumah) yang masih harus diselesaikan di Mantang. Termasuk akses jalan lingkar, beberapa fasilitas umum lain, hingga Kapal Puskesmas Keliling yang mendukung layanan kesehatan masyarakat. ""Masih banyak PR lain, fokus utama dan prioritas kita arahkan ke perbaikan dermaga utama yang menjadi akses vital. Sudah bertahun-tahun masyarakat menantikan untuk dermaga ini bisa dioptimalkan. Alhamdulillah bisa kita realisasikan dan semoga memberi manfaat bagi semuanya"" jelas Roby. Dermaga kebanggaan masyarakat Mantang ini kini dilengkapi dengan bangunan gedung yang menjadi ruang tunggu bagi masyarakat. Dilengkapi dengan fasilitas kursi tunggu, pagar pembatas hingga toilet umum, akses vital ini diharapkan dapat memberi kenyamanan dalam mobilitas masyarakat setiap harinya. Nama 'Mak Yong' yang melekat pada dermaga ini bukanlah hal yang asing bagi masyarakat Mantang bahkan Kepulauan Riau dan dunia luar. Mak Yong merupakan seni teater tradisional masyarakat Melayu asli Mantang yang hingga kini tetap dilestarikan secara turun-temurun. Meski Mak Yong juga terdapat di serumpun Melayu lainnya seperti Malaysia dan Thailand bagian selatan, seni Mak Yong di Mantang merupakan satu-satunya yang memiliki ciri khas dengan menggunakan topeng dan identik dengan tokoh bernama Awang. Bupati Roby juga turut menyampaikan pesan kepada masyarakat Mantang secara umum, agar aset masyarakat ini dapat dijaga dan dipelihara bersama. Harapannya tentu dermaga Mak Yong ini bisa memberi manfaat jangka panjang dari generasi ke generasi. ""Pesan kami, jaga dan rawat fasilitas ini. Ini milik kita bersama dan tugas kita bersama untuk menjaga agar bisa terus dimanfaatkan oleh masyarakat"" pungkas Roby. Follow Us Copyrightbatamnews.co.idAll rights reservedDikelola dan Dikembangkan Oleh :PT. Batam Media Siber Batamnews Network :","Minggu, 22 Februari 2026 - 11:33  WIB",https://www.batamnews.co.id/berita-125750-penantian-bertahun-tahun-terjawab-bupati-roby-resmikan-dermaga-mak-yong-pulau-mantang.html
19,"Lembur Tanggal Merah Terancam Dihapus, Ratusan Karyawan Indomaret Batam Gelar Aksi Protes",Batam,"Copyright  2014 -batamnews.co.idAll rights reservedDikelola dan Dikembangkan Oleh :PT. Batam Media Siber Ratusan karyawan Indomaret menggelar aksi protes di depan kantor PT Indomarco Prismatama di Plaza Batamindo, Jalan Rasamala, Kabil, Kecamatan Nongsa, Kota Batam, Senin (11/5/2026) pagi. Login untuk menyimpan artikel favorit kamu Batam, Batamnews- Ratusan karyawan Indomaret menggelar aksi protes di depan kantor PT Indomarco Prismatama di Plaza Batamindo, Jalan Rasamala, Kabil, Kecamatan Nongsa, Kota Batam, Senin (11/5/2026) pagi. Para pekerja mempersoalkan wacana perusahaan yang disebut tidak lagi membayar upah kerja pada hari libur nasional atau tanggal merah. Namun, paara pekerja tidak sempat melakukan orasi di lokasi. Mereka langsung diarahkan untuk berdialog dengan perwakilan perusahaan di dalam Plaza Batamindo dengan pengawalan petugas keamanan kawasan Mukakuning. Pantauan di lokasi, ratusan pekerja tersebut duduk bersama Deputy Branch Manager Indomaret Cabang Batam, Teguh Prasojo, guna melakukan dialog dan mediasi terkait keresahan pekerja, tanggung jawab pekerja, serta kewajiban perusahaan. “Biasanya dibayar, namun muncul wacana bahwa kerja di tanggal merah tidak lagi dibayar mulai Mei ini. Padahal, kalau kami bekerja saat tanggal merah biasanya mendapat sekitar Rp400 ribu. Di kontrak kerja dan perjanjian juga tertulis bahwa kerja di hari libur tetap dibayar,” kata salah seorang pekerja saat diwawancaraiBatamnewsdi sela dialog berlangsung. Sementara itu, Dina, salah seorang pekerja lainnya, menjelaskan bahwa pertemuan antara pekerja dan manajemen masih menemui jalan buntu. Dialog yang berlangsung sekitar satu jam tersebut belum membuahkan hasil karena pihak pekerja masih menunggu memo resmi dari manajemen yang nantinya harus disepakati bersama. “Kami menyuarakan hak lembur. Ada pernyataan yang mewacanakan bahwa kerja saat tanggal merah tidak lagi dibayar lemburnya,” ujar Dina usai dialog dengan manajemen. Dina mengatakan, hingga dialog berakhir belum ada keputusan yang dihasilkan. Pihaknya masih menunggu tindak lanjut dari manajemen hingga Rabu, 14 Mei 2026 mendatang. Menurutnya, rencana penghapusan pembayaran lembur pada hari libur bertentangan dengan isi perjanjian kerja yang selama ini berlaku. Dalam perjanjian tersebut disebutkan bahwa kerja pada hari libur nasional atau tanggal merah dihitung sebagai lembur. Di satu sisi, para pekerja mengaku tetap menunggu memo resmi dari perusahaan. Apa pun hasilnya nanti, mereka siap menerima keputusan perusahaan sepanjang dapat menjawab keresahan para pekerja. Di sisi lain, pihak perusahaan belum memberikan tanggapan resmi saat dikonfirmasi wartawan. Saat kantor manajemen di lantai dua Gedung Plaza Batamindo didatangi, petugas keamanan melarang jurnalis mengambil gambar maupun video dengan alasan manajemen sedang menggelar rapat. Hingga berita ini diturunkan, pihak manajemen belum memberikan keterangan resmi. Follow Us Copyrightbatamnews.co.idAll rights reservedDikelola dan Dikembangkan Oleh :PT. Batam Media Siber Batamnews Network :","Senin, 11 Mei 2026 - 12:52  WIB",https://www.batamnews.co.id/berita-127382-lembur-tanggal-merah-terancam-dihapus-ratusan-karyawan-indomaret-batam-gelar-aksi-protes.html
20,"Mutasi Dua Perwira Polresta Barelang ke Satlantas: IPTU M Jefri dan IPTU Uji Febianika, Ini Deretan Prestasinya",Batam,"Copyright  2014 -batamnews.co.idAll rights reservedDikelola dan Dikembangkan Oleh :PT. Batam Media Siber IPTU M. Jefri Adil Akbar dan IPTU Uji Febianika. (Foto. Dok. Batamnews.co.id). Login untuk menyimpan artikel favorit kamu Batam, Batamnews– Sejumlah personel Polresta Barelang menjalani mutasi dan alih tugas jabatan berdasarkan Surat Telegram Kapolresta Barelang Nomor: STR/10/V/KEP./2026 tanggal 6 Mei 2026. Surat telegram yang diterbitkan pada Rabu, 6 Mei 2026 itu mengatur perpindahan tugas sejumlah perwira dan bintara di lingkungan Polresta Barelang, Polda Kepri. Berdasarkan dokumen yang diperoleh batamnews.co.id pada Kamis, 7 Mei 2026, dua perwira mendapat penugasan baru di Satuan Lalu Lintas (Satlantas) Polresta Barelang. Baca juga:Pengawal Pribadi Gubernur Kepri Diduga Ikut Kawal Bos Judol Perwira pertama, IPTU M. Jefri Adil Akbar. Sebelumnya ia menjabat sebagai Panit Opsnal Unit Intelkam Polsek Nongsa. Kini ia diangkat sebagai Pejabat Sementara (Ps) Kanit Gakkum Satlantas Polresta Barelang. Perwira kedua, IPTU Uji Febianika. Sebelumnya bertugas sebagai Panit Opsnal 1 Unit Reskrim Polsek Batam Kota. Ia dipercaya mengemban jabatan baru sebagai Kasubnit 2 Gakkum Satlantas Polresta Barelang. Kedua perwira ini diketahui memiliki rekam jejak prestasi selama bertugas. IPTU M. Jefri Adil Akbar pernah menerima penghargaan dari Direktorat Jenderal Pajak. Penghargaan itu diberikan atas partisipasi dan kerja samanya dalam Program Pengawasan Pembayaran Pajak Pertambahan Nilai Dalam Negeri (PPN DN) terhadap pengeluaran kendaraan bermotor dari kawasan perdagangan bebas dan pelabuhan bebas Batam. Baca juga:KBS Resmikan Training Center K3 di Batam, Targetkan Tenaga Kerja Unggul Sementara IPTU Uji Febianika dikenal aktif mengungkap sejumlah kasus menonjol. Beberapa di antaranya kasus narkoba, PMI ilegal, penyelundupan handphone, hingga peredaran uang palsu. Perwira polisi wanita itu juga menerima penghargaan dari Gubernur Kepulauan Riau. Penghargaan tersebut diberikan atas keberhasilannya mengungkap kasus narkoba di wilayah Kepri. Mutasi personel di lingkungan Polri merupakan hal lazim. Kebijakan ini bagian dari penyegaran organisasi, pengembangan karier, dan peningkatan kinerja institusi dalam pelayanan kepada masyarakat. Follow Us Copyrightbatamnews.co.idAll rights reservedDikelola dan Dikembangkan Oleh :PT. Batam Media Siber Batamnews Network :","Kamis, 07 Mei 2026 - 19:22  WIB",https://www.batamnews.co.id/berita-127319-mutasi-dua-perwira-polresta-barelang-ke-satlantas-iptu-m-jefri-dan-iptu-uji-febianika-ini-deretan-prestasinya.html
21,Tips Belanja Online untuk Dapatkan Barang Berkualitas dan Terhindar dari Penipuan,Batam Shopping,"Copyright  2014 -batamnews.co.idAll rights reservedDikelola dan Dikembangkan Oleh :PT. Batam Media Siber Ilustrasi Login untuk menyimpan artikel favorit kamu Jakarta, Batamnews- Dalam era digital saat ini, belanja online telah menjadi bagian dari kehidupan sehari-hari. Namun, kemudahan yang ditawarkan belanja online seringkali diiringi risiko mendapatkan barang yang tidak berkualitas atau bahkan menjadi korban penipuan. Berikut adalah beberapa tips yang bisa Anda ikuti untuk memastikan pengalaman belanja online Anda aman dan memuaskan. 1. Pilih Platform yang TerpercayaMulailah dengan berbelanja di platform atau situs e-commerce yang sudah memiliki reputasi baik dan terpercaya. Situs-situs besar biasanya memiliki protokol keamanan yang lebih ketat dan layanan pelanggan yang dapat diandalkan untuk menyelesaikan masalah. 2. Baca Ulasan Produk dan PenjualSebelum melakukan pembelian, luangkan waktu untuk membaca ulasan dari pembeli lain. Ulasan dapat memberikan gambaran mengenai kualitas produk dan kredibilitas penjual. Produk dengan banyak ulasan positif biasanya lebih dapat dipercaya. Baca juga:Pasar Seken Tas Taras Batam, Surga Belanja Koper Berkualitas dengan Harga Terjangkau 3. Periksa Deskripsi Produk secara DetailTeliti deskripsi produk secara menyeluruh. Pastikan detail seperti ukuran, bahan, dan fitur sesuai dengan kebutuhan Anda. Deskripsi yang jelas dan lengkap seringkali menunjukkan keprofesionalan penjual. 4. Gunakan Opsi Pembayaran AmanSelalu gunakan metode pembayaran yang aman dan terpercaya. Hindari transfer langsung ke rekening pribadi penjual jika tidak yakin dengan kredibilitasnya. Menggunakan layanan pembayaran yang menawarkan perlindungan pembeli dapat membantu mengamankan uang Anda. 5. Simpan Bukti TransaksiSimpan semua bukti transaksi, termasuk deskripsi produk, konfirmasi pesanan, dan bukti pembayaran. Dokumen-dokumen ini sangat penting jika Anda perlu melakukan klaim atau komplain terhadap produk yang dibeli. 6. Waspada Terhadap Penawaran yang Terlalu MenggiurkanJika sebuah penawaran terlihat terlalu bagus untuk menjadi kenyataan, mungkin memang demikian. Hati-hati dengan produk yang ditawarkan dengan harga yang sangat rendah dibandingkan dengan harga pasar. Ini bisa jadi merupakan indikasi penipuan atau produk palsu. 7. Periksa Kebijakan Pengembalian BarangSebelum melakukan pembelian, pastikan Anda memahami kebijakan pengembalian barang dari platform atau penjual. Situs yang memiliki kebijakan pengembalian barang yang jelas dan adil biasanya lebih dipercaya. Baca juga:Moni Cosmetic Supermarket di Batam, Destinasi Belanja Kecantikan dengan Koleksi Terlengkap 8. Manfaatkan Fitur Chat untuk Berkomunikasi dengan PenjualJika Anda memiliki pertanyaan, jangan ragu untuk berkomunikasi langsung dengan penjual melalui fitur chat yang tersedia. Ini bisa membantu Anda mendapatkan informasi lebih lanjut tentang produk dan mengukur tingkat responsifitas penjual. 9. Periksa Kebijakan PrivasiPastikan situs belanja online memiliki kebijakan privasi yang jelas yang menjelaskan bagaimana mereka mengelola data pribadi Anda. Situs yang tidak memiliki atau menyembunyikan kebijakan privasi ini patut diwaspadai. 10. Aktifkan Verifikasi Dua LangkahAktifkan fitur keamanan tambahan seperti verifikasi dua langkah pada akun e-commerce Anda. Fitur ini memberikan lapisan keamanan ekstra dengan membutuhkan konfirmasi dari perangkat kedua sebelum melakukan transaksi. Dengan mengikuti tips-tips di atas, Anda dapat meningkatkan keamanan dan kenyamanan dalam berbelanja online. Selalu tetap waspada dan bijak dalam memilih produk serta penjual untuk menghindari kerugian yang tidak diinginkan. Selamat berbelanja! Follow Us Copyrightbatamnews.co.idAll rights reservedDikelola dan Dikembangkan Oleh :PT. Batam Media Siber Batamnews Network :","Sabtu, 27 Juli 2024 - 10:45  WIB",https://www.batamnews.co.id/berita-113302-tips-belanja-online-untuk-dapatkan-barang-berkualitas-dan-terhindar-dari-penipuan.html
22,"Makkah Tembus 40 Derajat, Jemaah Haji Dilarang Paksakan Diri Jelang Puncak Arafah",Gaya Hidup,"Copyright  2014 -batamnews.co.idAll rights reservedDikelola dan Dikembangkan Oleh :PT. Batam Media Siber Ilustrasi. (Foto: shutterstock) Login untuk menyimpan artikel favorit kamu Makkah, Batamnews— Jemaah haji Indonesia 2026 diperingatkan keras untuk menjaga fisik dan mengendalikan penyakit komorbid. Cuaca ekstrem Makkah yang menyentuh 40 derajat Celsius menjadi tantangan berat menjelang puncak haji. Kepala Bidang Bimbingan Ibadah, Abdillah M Thohir, meminta jemaah memanfaatkan masjid atau mushala di sekitar hotel guna menghindari kepadatan dan panas menyengat di Masjidil Haram. ""Tidak perlu memaksakan diri ke Masjidil Haram di waktu-waktu padat. Gunakan fasilitas masjid di sekitar hotel, termasuk mushala yang kami siapkan di penginapan, dalam rangka menjaga ketahanan fisik jamaah calon haji,"" tegas Abdillah di Makkah, Minggu (10/5/2026). Bagi jemaah yang baru tiba dari Jeddah, istirahat cukup adalah wajib sebelum melaksanakan umrah. Euforia ibadah sunah jangan sampai mengorbankan stamina untuk wukuf. ""Kami mengimbau agar jamaah calon haji tidak memforsir diri. Tujuan utama bapak dan ibu hadir di sini adalah untuk melaksanakan wukuf di Padang Arafah. Silakan beribadah sunah, namun jangan sampai kelelahan sehingga saat pelaksanaan wajibnya fisik tetap terjaga dengan baik,"" tambahnya. Kepala Seksi Kesehatan, Edi Supriyatna, turut menyoroti pentingnya manajemen tenaga. Kelelahan ekstrem berisiko memicu kekambuhan jantung, darah tinggi, dan diabetes. ""Harapannya kita menyesuaikan dengan situasi di sini. Artinya, jangan memaksa tenaga sampai kita lelah. Karena kalau sudah lelah, akan terjadi gangguan kesehatan yang berakibat tidak bisa melakukan ibadah dengan baik,"" ujar Edi. Jemaah dengan penyakit bawaan diminta disiplin minum obat dan tidak abai beristirahat. Kedisiplinan ini krusial agar kondisi tetap stabil hingga puncak haji (wukuf) yang diprediksi jatuh pada 26 Mei 2026. Follow Us Copyrightbatamnews.co.idAll rights reservedDikelola dan Dikembangkan Oleh :PT. Batam Media Siber Batamnews Network :","Senin, 11 Mei 2026 - 12:26  WIB",https://www.batamnews.co.id/berita-127381-makkah-tembus-40-derajat-jemaah-haji-dilarang-paksakan-diri-jelang-puncak-arafah.html
23,Rahasia Pemanggangan Sempurna dengan Teknologi Simulasi Computational Fluid Dynamics,Opini,"Copyright  2014 -batamnews.co.idAll rights reservedDikelola dan Dikembangkan Oleh :PT. Batam Media Siber Sumber: google Login untuk menyimpan artikel favorit kamu Oleh: Ricky Randa Keliat Dalam industri pangan, atribut sensorik yang konsisten seperti warna, aroma dan rasa merupakan parameter krusial dalam menentukan kualitas produk. Seperti pada industri pangan pembuatan roti, warna cokelat pada roti saat pemanggangan merupakan parameter penting karena dapat menggugah selera dan memberi aroma yang harum. Perlu diketahui bahwa warna cokelat pada roti terjadi karena adanya reaksi maillard pada saat proses pemanggangan yaitu hasil dari interaksi biokimia yang terjadi dengan proses pencoklatan non-enzimatik yang bertanggung jawab atas pembentukan warna, aroma dan cita rasa unik pada produk roti atau Pastry. Namun, di skala industri untuk memastikan setiap roti mempunyai warna cokelat yang konsisten merupakan tantangan besar seperti tidak pucat dan tidak gosong. Sehingga peneliti mengembangkan teknologi simulasi komputer (CFD) yaitu teknologi pemodelan prediktif yang dibuat sebagai solusi strategis untuk menjembatani teori kimia dengan optimasi proses produksi yang diharapkan menjadi solusi transformatif bagi industri pangan modern. Secara teknis, intensitas warna ini ditentukan oleh konsentrasi melanoidin yaitu polimer berwarna cokelat yang terbentuk di tahap akhir reaksi Maillard. Peneliti menggunakan Persamaan Arrhenius guna menghitung laju pembentukan melanoidin berdasarkan fluktuasi suhu. Pendekatan ini memungkinkan kita untuk mengonversi data kimia yang rumit menjadi angka-angka yang dapat diprediksi oleh komputer, menghubungkan kemajuan reaksi molekuler dengan perubahan fisik yang tampak pada permukaan produk. Melalui pengujian ketat pada suhu 1500C, simulasi ini terbukti sangat akurat dengan tingkat kesalahan hanya 5-8%. Validasi eksperimental pada roti menunjukkan akurasi yang sangat tinggi dengan tingkat penyimpangan di bawah 7% yang membuktikan bahwa simulasi ini dapat diandalkan untuk penggunaan nyata. Artinya, apa yang diprediksi komputer hampir sama persis dengan hasil di oven, komputer bisa memprediksi kapan warna cokelat sempurna akan muncul berdasarkan suhu dan waktu. Teknologi ini tidak hanya melihat warna secara keseluruhan, tapi bisa memetakan pola kecokelatan secara spasial (titik demi titik) pada permukaan roti secara real-time. Penerapan kerangka kerja pemodelan prediktif ini menawarkan alat praktis bagi industri untuk melakukan optimasi proses tanpa harus melalui ribuan uji coba trial-and-error. Manfaat strategisnya meliputi optimalisasi suhu dan waktu pemanggangan sehingga pabrik bisa mengoptimalkan suhu oven agar tidak ada energi yang terbuang sia-sia, memastikan standar kualitas warna dan rasa tetap sama, menghindari pembentukan senyawa berlebih akibat panas (gosong) yang dapat menurunkan aspek keamanan pangan. Teknologi ini akan dikembangkan untuk memprediksi proses karamelisasi dan berbagai produk pangan lainnya dengan pengujian pada skala oven rumah tangga. Teknologi ini merupakan langkah maju menuju sistem kontrol kualitas yang sepenuhnya terdigitalisasi dan berbasis sains. Referensi: Tena, J., & Fueyo, N. (2026). A Computational Fluid Dynamics model for predicting food browning through melanoidin kinetics during baking. 407(October 2025).  ------------- Penulis adalah Mahasiswa PS Ilmu Pangan, Pascasarjana IPB University  Follow Us Copyrightbatamnews.co.idAll rights reservedDikelola dan Dikembangkan Oleh :PT. Batam Media Siber Batamnews Network :","Rabu, 06 Mei 2026 - 14:41  WIB",https://www.batamnews.co.id/berita-127284-rahasia-pemanggangan-sempurna-dengan-teknologi-simulasi-computational-fluid-dynamics.html
24,Bos Judol dan Scam Baloi View Apartement Dikawal Petugas Bersenpi,Batam,"Copyright  2014 -batamnews.co.idAll rights reservedDikelola dan Dikembangkan Oleh :PT. Batam Media Siber Dalam operasi itu, petugas mengamankan sejumlah warga negara asing atau WNA yang diduga terlibat dalam jaringan love scamming, judi online hingga penyebaran tautan phishing e-commerce. Login untuk menyimpan artikel favorit kamu Batam, Batamnews- Petugas Imigrasi Batam menggerebek Baloi View Apartemen di kawasan Lubuk Baja, Batam, pagi ini. Dalam operasi itu, petugas mengamankan sejumlah warga negara asing atau WNA yang diduga terlibat dalam jaringan love scamming, judi online hingga penyebaran tautan phishing e-commerce. Informasi yang diperolehBatamnews, WNA yang diamankan berasal dari sejumlah negara, di antaranya Tiongkok, Filipina, dan Vietnam. Mereka diduga bekerja sebagai operator dalam jaringan kejahatan digital lintas negara. Dalam penggerebekan tersebut, petugas mengamankan sedikitnya satu bus berisi WNA dari lokasi apartemen. Mereka kemudian dibawa untuk menjalani pemeriksaan lebih lanjut. Dari informasi yang dihimpun, aktivitas tersebut diduga sudah berlangsung sekitar dua bulan di Baloi View Apartemen. Jaringan ini disebut dikendalikan dua orang berinisial AL dan WL. Keduanya disebut merupakan warga Tanjungpinang dan Batam yang sebelumnya pernah beroperasi di Kamboja. Baca juga:Markas Judol, Love Scam hingga Pishing e-Commerce Digerebek, Ratusan WNA Ditangkap Sumber Batamnews menyebut, AL diduga memiliki harta kekayaan fantastis yang nilainya mencapai Rp 1 triliun dalam bentuk bitcoin. Aset kripto itu diduga berasal dari hasil kejahatan digital saat jaringan tersebut beroperasi di Kamboja. Bitcoin tersebut kemudian diduga dicairkan di Batam. Nilai pencairannya disebut mencapai miliaran rupiah. Selain itu, AL juga disebut kerap mendapat pengawalan dari orang yang diduga petugas bersenjata api. Dugaan ini memperkuat indikasi bahwa jaringan tersebut memiliki perlindungan dan pergerakan yang tertata. Saat Batamnews melakukan peliputan di lokasi penggerebekan, sejumlah orang melarang wartawan mengambil gambar aktivitas tersebut. Larangan itu datang dari warga sipil maupun petugas yang berada di sekitar lokasi. Baca juga:Imigrasi Batam Selidiki WNA Tiongkok Pengendali Judi Online dan Love Scamming Belum diketahui secara rinci berapa jumlah pasti WNA yang diamankan dalam operasi tersebut. Petugas Imigrasi juga belum memberikan keterangan resmi terkait status para WNA, peran masing-masing, serta dugaan keterlibatan AL dan WL dalam jaringan tersebut. Kasus ini menambah daftar panjang dugaan kejahatan digital lintas negara yang memanfaatkan Batam sebagai titik operasi. Selain dekat dengan Singapura dan Malaysia, Batam juga kerap disebut menjadi lokasi transit, persembunyian, hingga tempat pengendalian aktivitas ilegal berbasis digital. Hingga berita ini diterbitkan, Batamnews masih berupaya meminta konfirmasi resmi dari Kantor Imigrasi Batam dan pihak terkait lainnya Follow Us Copyrightbatamnews.co.idAll rights reservedDikelola dan Dikembangkan Oleh :PT. Batam Media Siber Batamnews Network :","Rabu, 06 Mei 2026 - 10:26  WIB",https://www.batamnews.co.id/berita-127275-bos-judol-dan-scam-baloi-view-apartement-dikawal-petugas-bersenpi.html
25,"Keseruan Milad PKS ke-24 di Batam: Pantun, Bazar UMKM, dan Instruksi Ketahanan Nasional",Batam,"Copyright  2014 -batamnews.co.idAll rights reservedDikelola dan Dikembangkan Oleh :PT. Batam Media Siber Ketua DPW PKS Kepulauan Riau, Suryani. (Foto: istimewa) Login untuk menyimpan artikel favorit kamu Batam, Batamnews— Dataran Engku Putri, Batam Centre, mendadak berubah menjadi lautan oranye dan putih pada Minggu (10/5/2026) pagi. Sekitar 2.000 kader dan simpatisan Partai Keadilan Sejahtera (PKS) tumpah ruah merayakan Milad PKS ke-24 dengan semangat yang meluap. Di balik kemeriahan itu, ada pesan serius yang dilempar oleh Ketua DPW PKS Kepulauan Riau, Suryani. Ia menegaskan bahwa politik bagi PKS bukan sekadar soal kekuasaan, melainkan aksi nyata dalam memperkuat ketahanan nasional—khususnya di sektor ekonomi, pangan, dan energi. Suryani menjelaskan bahwa tema Milad tahun ini sengaja diterjemahkan ke dalam kegiatan produktif seperti bazar UMKM. Bagi PKS, ekonomi kerakyatan adalah tulang punggung pertahanan bangsa. “Tema milad kita adalah tentang ketahanan nasional, yang menyangkut ketahanan ekonomi, ketahanan pangan, dan juga ketahanan energi. Karena itu, PKS mengadakan kegiatan berupa bazar UMKM sebagai upaya memperkuat ekonomi masyarakat,” ujar Suryani dalam sambutannya yang disambut antusias. Ia menekankan bahwa bazar ini tidak boleh berhenti sebagai seremonial belaka. Suryani menuntut adanya keberlanjutan dan sinergi yang lebih dalam antara PKS dan Pemerintah Kota Batam dalam mengawal pelaku usaha kecil. “Mudah-mudahan kegiatan pagi ini menjadi trigger untuk menumbuhkembangkan UMKM di Kota Batam. Kami berharap program pengembangan UMKM dari Pemerintah Kota Batam bisa bersinergi dengan keluarga besar PKS,” katanya dengan nada lugas. Tak hanya soal ekonomi makro, Suryani juga menyentuh ranah domestik. Ia memberikan instruksi tegas kepada setiap kader untuk memulai ketahanan pangan dari halaman rumah masing-masing. Ide sederhananya: satu rumah, satu tanaman produktif. “Setiap rumah minimal memiliki satu polybag, apakah itu cabai, terong, atau tanaman lainnya. Kalau kita punya sendiri tentu tidak harus membeli. Ini bagian kecil dari upaya ketahanan pangan,” ungkap Suryani. Soliditas PKS di Kota Batam juga menjadi sorotan. Kehadiran ribuan kader membuktikan bahwa partai ini tetap solid dan terkonsolidasi dengan baik hingga tingkat akar rumput. Namun, Suryani mengingatkan agar kader tetap membumi dan mendukung arah pembangunan kota. Secara terbuka, ia mengajak seluruh keluarga besar PKS untuk mengawal kepemimpinan Wali Kota Batam Amsakar Achmad dan Wakil Wali Kota Li Claudia Chandra menuju Batam yang modern dan madani. Acara yang berlangsung dari pagi hingga siang ini ditutup dengan suasana hangat penuh kekeluargaan. Meski diselingi pantun dan tawa, pesan Suryani tetap jelas, PKS harus hadir sebagai solusi konkret bagi ekonomi dan ketahanan pangan masyarakat. Follow Us Copyrightbatamnews.co.idAll rights reservedDikelola dan Dikembangkan Oleh :PT. Batam Media Siber Batamnews Network :","Senin, 11 Mei 2026 - 08:37  WIB",https://www.batamnews.co.id/berita-127375-keseruan-milad-pks-ke-24-di-batam-pantun-bazar-umkm-dan-instruksi-ketahanan-nasional.html
26,"Markas Judol, Love Scam hingga Pishing e-Commerce Digerebek, Ratusan WNA Ditangkap",Batam,"Copyright  2014 -batamnews.co.idAll rights reservedDikelola dan Dikembangkan Oleh :PT. Batam Media Siber Petugas gabungan dari Imigrasi dan Kepolisian menggerebek Apartemen Baloi View, Lubuk Baja, Kota Batam, Rabu (6/5/2026) pagi. Login untuk menyimpan artikel favorit kamu Batam, Batamnews -Petugas gabungan dari Imigrasi dan Kepolisian menggerebek Apartemen Baloi View, Lubuk Baja, Kota Batam, Rabu (6/5/2026) pagi. Operasi ini dilakukan setelah adanya indikasi aktivitas ilegal yang melibatkan ratusan Warga Negara Asing (WNA) di lokasi tersebut. Dalam penggerebekan itu, petugas menemukan sejumlah WNA yang berasal dari beberapa negara, seperti Tiongkok, Filipina, hingga Vietnam. Mereka diduga terlibat dalam berbagai aktivitas kejahatan siber lintas negara. Informasi yang dihimpun menyebutkan, para WNA tersebut berperan sebagai operator dalam praktik love scamming, judi online, hingga penyebaran tautan phishing yang menyasar platform e-commerce. Aktivitas ini disebut telah berlangsung selama beberapa bulan terakhir. Lebih lanjut, jaringan tersebut diduga dikendalikan oleh dua sosok bos besar berinisial AL dan WL. Keduanya disebut sebagai bagian dari jaringan kejahatan yang beroperasi dari Kamboja, dengan keterkaitan ke sejumlah wilayah di Indonesia, termasuk Batam dan Tanjungpinang. Hingga saat ini, pihak berwenang masih melakukan pendalaman dan pengembangan kasus guna mengungkap jaringan yang lebih luas serta menelusuri aliran dana dari aktivitas ilegal tersebut. Follow Us Copyrightbatamnews.co.idAll rights reservedDikelola dan Dikembangkan Oleh :PT. Batam Media Siber Batamnews Network :","Rabu, 06 Mei 2026 - 10:02  WIB",https://www.batamnews.co.id/berita-127274-markas-judol-love-scam-hingga-pishing-e-commerce-digerebek-ratusan-wna-ditangkap.html
27,Dari Bintan ke Singapura: Kepri Satu-Satunya Provinsi di Indonesia yang Ekspor Ayam Hidup,Ekonomi,"Copyright  2014 -batamnews.co.idAll rights reservedDikelola dan Dikembangkan Oleh :PT. Batam Media Siber Ekspor ayam hidup dilakukan melalui dua perusahaan peternakan modern, yakni PT Ciomas Adisatwa dan PT Indojaya Agrinusa (Japfa Group). Login untuk menyimpan artikel favorit kamu Tanjungpinang, Batamnews— Provinsi Kepulauan Riau kembali mencatatkan prestasi di sektor peternakan. Daerah perbatasan Indonesia ini menjadi satu-satunya provinsi yang mampu mengekspor ayam hidup atau live bird ke Singapura. Keberhasilan ini menunjukkan sektor peternakan unggas di Kepulauan Riau makin maju, modern, dan kompetitif di tingkat internasional. Ekspor ayam hidup dilakukan melalui dua perusahaan peternakan modern, yakni PT Ciomas Adisatwa dan PT Indojaya Agrinusa (Japfa Group). Kedua perusahaan itu berlokasi di Kabupaten Bintan. Baca juga:Satu-satunya di Bintan, Bupati Roby resmikan Kantor Permanen MWC NU Gunung Kijang Ayam hidup asal Kepri memenuhi standar kualitas dan kesehatan yang ditetapkan Pemerintah Singapura. Hal itu berkat penerapan sistem pemeliharaan modern, biosecurity ketat, serta pengawasan kesehatan hewan berkelanjutan. Hingga kini, jumlah ayam hidup yang telah diekspor mencapai lebih dari 334.568 ekor. Angka itu terus menunjukkan perkembangan positif. Gubernur Kepulauan Riau Ansar Ahmad langsung melepas ekspor ayam hidup ke Singapura. Pelepasan itu menjadi simbol keberhasilan Kepri sebagai daerah perbatasan yang menembus pasar internasional lewat sektor peternakan unggas. Ansar mengatakan capaian ini hasil kerja sama dan sinergi antara pemerintah daerah, pelaku usaha, tenaga kesehatan hewan, dan para peternak. ""Ini kebanggaan bagi masyarakat Kepri. Sektor peternakan kita mampu bersaing di pasar internasional dengan kualitas baik dan standar kesehatan tinggi,"" ujar Ansar. Ia menegaskan Pemerintah Provinsi Kepulauan Riau akan terus mendukung pengembangan sektor peternakan modern. Langkah ini bagian dari penguatan ekonomi daerah dan ketahanan pangan nasional. ""Kita perkuat sektor peternakan unggas di Kepri, dari kualitas produksi, kesehatan hewan, hingga pengembangan investasi peternakan modern agar makin maju dan berdaya saing,"" lanjutnya. Di balik capaian itu, ada sinergi kuat antarpemangku kepentingan dalam menjaga kualitas produksi dan kesehatan hewan. Pemerintah provinsi melalui Dinas Ketahanan Pangan, Pertanian, dan Kesehatan Hewan terus melakukan pembinaan dan pengawasan. Kualitas unggas dijaga mulai dari kandang hingga proses pengiriman. Baca juga:Peringati May Day, Pemkab Bintan: Pekerja Jangan Dibayar di Bawah UMK Kandang modern, peternakan terintegrasi, dan distribusi ayam hidup melalui jalur laut menjadi gambaran nyata transformasi sektor unggas di Kepri. Dari Kabupaten Bintan, produk unggas Kepri kini menjangkau pasar internasional dan membawa nama Indonesia ke tingkat global. Ke depan, Kepulauan Riau akan terus memperkuat sektor peternakan unggas sebagai salah satu pilar pembangunan ekonomi daerah sekaligus mendukung ketahanan pangan dan pengembangan industri peternakan modern di wilayah perbatasan. Follow Us Copyrightbatamnews.co.idAll rights reservedDikelola dan Dikembangkan Oleh :PT. Batam Media Siber Batamnews Network :","Kamis, 07 Mei 2026 - 15:37  WIB",https://www.batamnews.co.id/berita-127314-dari-bintan-ke-singapura-kepri-satu-satunya-provinsi-di-indonesia-yang-ekspor-ayam-hidup.html
28,"Selamat Tinggal `Simpang Pantek`,LAM Batam Sudah Punya Nama Baru yang Lebih Beradab dan Berbudaya",Batam,"Copyright  2014 -batamnews.co.idAll rights reservedDikelola dan Dikembangkan Oleh :PT. Batam Media Siber Pengurus Bidang Sosial Budaya LAM Kota Batam, Datuk Muhammad Taha. (Foto: Asrul/Batamnews) Login untuk menyimpan artikel favorit kamu Batam, Batamnews– Lembaga Adat Melayu (LAM) Kota Batam bergerak cepat dalam mematangkan rencana perubahan nama sejumlah titik strategis di Kota Batam. Saat ini, LAM dilaporkan telah mengantongi sejumlah usulan nama baru yang akan menggantikan nama-nama persimpangan dan bundaran yang dianggap kurang merepresentasikan budaya lokal, termasuk usulan nama untuk lokasi yang dikenal masyarakat sebagai Simpang Pantek.Pengurus Bidang Sosial Budaya LAM Kota Batam, Datuk Muhammad Taha, mengungkapkan bahwa daftar nama tersebut kini sedang dalam tahap pembahasan bersama pihak dewan. Meski daftar usulan sudah tersedia, penentuan akhir dilakukan secara hati-hati agar memiliki dasar filosofis yang kuat.""Kayaknya sudah ada (nama-nama yang diusulkan). Cuma kata saya enggak bisa (disebutkan sekarang), ada yang wajib lagi yang bicara hal itu,"" ujar Datuk Muhammad Taha, Jumat (8/5/2026).Ia menekankan bahwa perubahan nama ini bukan sekadar urusan formalitas atau sekadar kesenangan semata.""Kita kan harus ada tujuan, bukan senang suka-suka kita saja gitu,"" tegasnya mengenai proses yang tengah berjalan di darat bersama pihak dewan.Rencana besar ini difokuskan pada titik-titik yang selama ini memiliki penamaan informal atau kurang mencerminkan identitas daerah. Salah satu prioritas utama adalah Simpang Pantek, Selain itu, Simpang Frengky juga masuk dalam daftar lokasi yang akan diubah namanya agar lebih kental dengan nuansa lokal.Ketua LAM Kota Batam, Raja Muhammad Amin, membenarkan bahwa aspirasi nama-nama baru terus mengalir deras dari masyarakat.""Belum putus. Saat ini masih terus kita diskusikan karena banyak sekali usulan nama yang masuk ke kami,"" jelas Raja Muhammad Amin, Rabu (22/4/2026).Untuk memastikan setiap sudut kota terwakili, Raja Muhammad Amin telah menginstruksikan seluruh Ketua LAM di tingkat kecamatan untuk melakukan inventarisasi jalan, simpang, hingga bundaran di wilayah masing-masing.""Saya sudah meminta semua Ketua LAM Kecamatan untuk menginventarisir dan mengusulkan nama-nama yang baik dan layak secara sejarah maupun budaya,"" tambahnya.Meski demikian, LAM Batam menjamin tidak akan melakukan perubahan secara total. Nama-nama yang dinilai sudah memiliki nilai historis kuat dan sesuai dengan jati diri Batam tetap akan dipertahankan.Langkah LAM ini diharapkan menjadi titik balik bagi penguatan identitas visual dan budaya di Kota Batam. Hasil perumusan nama-nama baru ini nantinya akan direkomendasikan secara resmi kepada Pemerintah Kota Batam.""InsyaAllah, proses ini akan melahirkan nama-nama yang lebih mencirikan jati diri Melayu di Kota Batam,"" tutup Raja Muhammad Amin.Masyarakat kini tinggal menunggu pengumuman resmi terkait perubahan nama-nama ikonik yang akan menghiasi peta baru Kota Batam tersebut. Follow Us Copyrightbatamnews.co.idAll rights reservedDikelola dan Dikembangkan Oleh :PT. Batam Media Siber Batamnews Network :","Jumat, 08 Mei 2026 - 14:00  WIB",https://www.batamnews.co.id/berita-127335-selamat-tinggal-simpang-pantek-lam-batam-sudah-punya-nama-baru-yang-lebih-beradab-dan-berbudaya.html
29,"Sikat Habis, Polri Gulung 321 WNA yang Coba Jadikan RI Markas Judol Dunia",Hukum,"Copyright  2014 -batamnews.co.idAll rights reservedDikelola dan Dikembangkan Oleh :PT. Batam Media Siber Karopenmas Divhumas Polri, Brigjen Pol. Trunoyudo Wisnu Andiko, menegaskan bahwa perang melawan judi online telah menjadi prioritas utama. (Foto: dok.Polri) Login untuk menyimpan artikel favorit kamu Jakarta, Batamnews— Polri mengirimkan pesan peringatan keras kepada jaringan kejahatan siber lintas negara. Indonesia kini dipastikan bukan lagi tempat yang aman bagi para bandar judi dunia maupun sindikat penipuan digital untuk bersembunyi atau menjalankan aksinya. Langkah tegas ini dibuktikan dengan terbongkarnya jaringan judi online internasional di kawasan Jakarta Barat baru-baru ini. Tak main-main, sebanyak 321 warga negara asing (WNA) berhasil diringkus dan kini tengah menjalani proses hukum intensif. Karopenmas Divhumas Polri, Brigjen Pol. Trunoyudo Wisnu Andiko, menegaskan bahwa perang melawan judi online telah menjadi prioritas utama. Pasalnya, dampak yang ditimbulkan sudah merasuk ke sendi-sendi kehidupan masyarakat, mulai dari kehancuran sosial hingga kerugian ekonomi yang masif. “Pemberantasan perjudian online menjadi perhatian bersama karena sangat merugikan masyarakat, baik dari sisi sosial maupun perekonomian,” ujar Brigjen Pol. Trunoyudo, Minggu (10/5/2026). Trunoyudo menekankan bahwa Polri tidak akan membiarkan sejengkal pun wilayah Indonesia dijadikan pusat operasi bagi jaringan kriminal transnasional, baik itu judi online maupun skemascamminginternasional yang merugikan banyak pihak di berbagai negara. “Polri berkomitmen melakukan penegakan hukum secara tegas agar Indonesia tidak dijadikan tempat aktivitas bandar judi online maupun scam internasional,” ungkapnya dengan nada tegas. Penindakan besar-besaran ini, lanjut Trunoyudo, merupakan perwujudan nyata dari program Asta Cita Presiden Republik Indonesia. Pemerintah dan Polri telah bersepakat bahwa kejahatan digital dan transnasional harus diberantas hingga ke akarnya secara terstruktur. “Ini merupakan bagian dari implementasi penegakan hukum yang dilakukan Polri secara berkelanjutan dan simultan bersama stakeholder terkait,” jelas Trunoyudo. Hingga saat ini, Polri masih terus melakukan pengembangan kasus untuk melacak kemungkinan adanya jaringan lain yang masih bersembunyi. Proses pemeriksaan berjalan secara kolaboratif melibatkan pihak Imigrasi dan berbagai lembaga terkait lainnya guna memastikan setiap pelaku mendapatkan sanksi hukum yang setimpal. Follow Us Copyrightbatamnews.co.idAll rights reservedDikelola dan Dikembangkan Oleh :PT. Batam Media Siber Batamnews Network :","Senin, 11 Mei 2026 - 10:04  WIB",https://www.batamnews.co.id/berita-127377-sikat-habis-polri-gulung-321-wna-yang-coba-jadikan-ri-markas-judol-dunia.html
30,Polisi Akhirnya Tilang Ketua DPRD Kepri Iman Sutiawan,Batam,"Copyright  2014 -batamnews.co.idAll rights reservedDikelola dan Dikembangkan Oleh :PT. Batam Media Siber Iman Sutiawan saat mengendari moge tanpa helm. (Foto: tangkapan layar) Login untuk menyimpan artikel favorit kamu Batam, Batamnews- Video viral di media sosial yang memancing perdebatan publik akhirnya mendapat tanggapan dari kepolisian. Ketua DPRD Kepulauan Riau (Kepri), Iman Sutiawan, telah ditilang oleh Satlantas Polresta Barelang pada Kamis, 7 Mei 2026. Hal tersebut disampaikan oleh Kapolresta Barelang, Anggoro Wicaksono, dalam konferensi pers di Mapolresta Barelang yang turut didampingi Kasat Lantas Polresta Barelang, Afiditya Arief Wibowo. Anggoro menjelaskan bahwa STNK motor moge Harley-Davidson FXDR 114 atas nama Iman Sutiawan telah diamankan sebagai barang bukti penilangan. Ia menegaskan bahwa pihak kepolisian menjunjung asas equality before the law. “Semua orang sama di hadapan hukum. Ini komitmen kami,” kata Kapolres. Sementara itu, Kasat Lantas Polresta Barelang, Kompol Afiditya Arief Wibowo, menuturkan bahwa sebelum penilangan dilakukan, pihaknya menemukan adanya pelanggaran lalu lintas yang dilakukan Iman Sutiawan. Politikus Partai Gerakan Indonesia Raya (Gerindra) tersebut diketahui tidak mengenakan helm saat berkendara di jalan umum dekat Simpang Rosdel. “Di Pos 908, yang bersangkutan tidak menggunakan helm. Kemudian diamankan oleh petugas yang sedang melaksanakan pengaturan lalu lintas di lokasi,” ujarnya. Selain itu, saat pemeriksaan dilakukan, Iman disebut tidak membawa SIM dan hanya menunjukkan STNK kendaraan. Karena itu, polisi langsung mengamankan STNK untuk proses penilangan. Kapolresta Barelang, Anggoro Wicaksono, dalam konferensi pers di Mapolresta Barelang yang turut didampingi Kasat Lantas Polresta Barelang, Afiditya Arief Wibowo. (Foto: Jamaludin/Batamnews) “Untuk jenis SIM-nya yaitu SIM C atau SIM C2. Namun pemberlakuan SIM C2 di Indonesia belum seluruh daerah bisa memproduksi atau mencetaknya,” jelas Afiditya. Ia menambahkan bahwa di Batam saat ini belum tersedia layanan penerbitan SIM C2. Atas pelanggaran tersebut, Iman Sutiawan dikenai sanksi tilang sebesar Rp500 ribu. Iman Sutiawan sendiri, tidak perlu mengikuti sidang karena sudah membayar denda tilang sesuai dengan ketentuan Undang-undang. Untuk sementara waktu, STNK merupakan barang bukti hingga politikus Gerindra itu memberikan lembar tilang warna merah dan bukti pembayaran denda tilang kepada polisi. ""Setelah itu STNK bisa diambil. Kepada masyarakat maupun pejabat, kami jajaran kepolisian tidak akan membeda-bedakan. Semua memiliki kedudukan yang sama di hadapan hukum,” tutupnya. Sebelumnya, video viral memperlihatkan Ketua DPRD Kepri, Iman Sutiawan, mengendarai moge Harley-Davidson FXDR 114 tanpa mengenakan helm. Aksi tersebut dinilai tidak mencerminkan etika seorang pejabat publik dan dianggap melanggar aturan lalu lintas. Dalam video yang beredar, Iman terlihat mengendarai motor berpelat BP 6215 VE, berwarna hitam dengan kapasitas mesin 1.868 cc. Motor tersebut diperkirakan bernilai sekitar Rp645 juta. Selain persoalan penggunaan helm, motor dengan kapasitas mesin di atas 500 cc juga memiliki aturan khusus terkait surat izin mengemudi. Berdasarkan ketentuan Kepolisian RI, pengendara motor dengan kapasitas mesin di atas 500 cc diwajibkan memiliki SIM C2. Follow Us Copyrightbatamnews.co.idAll rights reservedDikelola dan Dikembangkan Oleh :PT. Batam Media Siber Batamnews Network :","Senin, 11 Mei 2026 - 13:40  WIB",https://www.batamnews.co.id/berita-127384-polisi-akhirnya-tilang-ketua-dprd-kepri-iman-sutiawan.html
